Outbound From,Destination,ArrivalCountry,Inbound To,Departure Date,Return Date,Trip Duration (Days),Outbound Price,Inbound Price,Total Price,IATA_Departure,IATA_Destination,IATA_Return,Outbound Provider,Inbound Provider,Outbound Source Currency,Inbound Source Currency,Round_Trip_Link,Route,AvgPrice,z_score,price_change_percent
Warszawa,Bukareszt,Rumunia,Warszawa,2026-06-17,2026-06-24,7,69.0,64.96,133.95999999999998,WARS,BUCH,WARS,wizzair,wizzair,PLN,RON,https://www.skyscanner.net/g/referrals/v1/flights/day-view/?origin=wars&destination=buch&outboundDate=2026-06-17&inboundDate=2026-06-24&market=PL&locale=pl-PL&currency=PLN&mediaPartnerId=6439681,Warszawa-Bukareszt,160.56318181818182,-1.9871689971247366,
Warszawa,Bukareszt,Rumunia,Warszawa,2026-05-27,2026-06-03,7,69.0,81.4,150.4,WARS,BUCH,WARS,wizzair,wizzair,PLN,RON,https://www.skyscanner.net/g/referrals/v1/flights/day-view/?origin=wars&destination=buch&outboundDate=2026-05-27&inboundDate=2026-06-03&market=PL&locale=pl-PL&currency=PLN&mediaPartnerId=6439681,Warszawa-Bukareszt,191.31966666666668,-1.8674911537196803,
Warszawa,Bukareszt,Rumunia,Warszawa,2026-05-28,2026-06-04,7,89.0,64.96,153.95999999999998,WARS,BUCH,WARS,wizzair,wizzair,PLN,RON,https://www.skyscanner.net/g/referrals/v1/flights/day-view/?origin=wars&destination=buch&outboundDate=2026-05-28&inboundDate=2026-06-04&market=PL&locale=pl-PL&currency=PLN&mediaPartnerId=6439681,Warszawa-Bukareszt,191.31966666666668,-1.7050199253639098,
Warszawa,Leeds,Wielka Brytania,Warszawa,2026-05-21,2026-05-28,7,63.83,95.0,158.82999999999998,WARS,LBA,WARS,ryanair,ryanair,PLN,PLN,https://www.skyscanner.net/g/referrals/v1/flights/day-view/?origin=wars&destination=lba&outboundDate=2026-05-21&inboundDate=2026-05-28&market=PL&locale=pl-PL&currency=PLN&mediaPartnerId=6439681,Warszawa-Leeds,190.90666666666667,-1.4782547325812148,
Warszawa,Leeds,Wielka Brytania,Warszawa,2026-06-13,2026-06-15,2,80.87,79.0,159.87,WARS,LBA,WARS,ryanair,ryanair,PLN,PLN,https://www.skyscanner.net/g/referrals/v1/flights/day-view/?origin=wars&destination=lba&outboundDate=2026-06-13&inboundDate=2026-06-15&market=PL&locale=pl-PL&currency=PLN&mediaPartnerId=6439681,Warszawa-Leeds,282.2718181818182,-1.08512258704956,
Warszawa,Bukareszt,Rumunia,Warszawa,2026-05-27,2026-06-02,6,69.0,97.85,166.85,WARS,BUCH,WARS,wizzair,wizzair,PLN,RON,https://www.skyscanner.net/g/referrals/v1/flights/day-view/?origin=wars&destination=buch&outboundDate=2026-05-27&inboundDate=2026-06-02&market=PL&locale=pl-PL&currency=PLN&mediaPartnerId=6439681,Warszawa-Bukareszt,191.31966666666668,-1.1167462923566345,
Warszawa,Charleroi,Belgia,Warszawa,2026-06-08,2026-06-15,7,104.0,68.09,172.09,WARS,CRL,WARS,ryanair,ryanair,PLN,PLN,https://www.skyscanner.net/g/referrals/v1/flights/day-view/?origin=wars&destination=crl&outboundDate=2026-06-08&inboundDate=2026-06-15&market=PL&locale=pl-PL&currency=PLN&mediaPartnerId=6439681,Warszawa-Charleroi,199.59166666666667,-1.7689409787279147,
Warszawa,Manchester,Wielka Brytania,Warszawa,2026-06-19,2026-06-21,2,108.99,108.99,217.98,WARS,MAN,WARS,ryanair,ryanair,PLN,PLN,https://www.skyscanner.net/g/referrals/v1/flights/day-view/?origin=wars&destination=man&outboundDate=2026-06-19&inboundDate=2026-06-21&market=PL&locale=pl-PL&currency=PLN&mediaPartnerId=6439681,Warszawa-Manchester,371.407,-1.079775621073041,
Warszawa,Bukareszt,Rumunia,Warszawa,2026-08-09,2026-08-12,3,129.0,106.07,235.07,WARS,BUCH,WARS,wizzair,wizzair,PLN,RON,https://www.skyscanner.net/g/referrals/v1/flights/day-view/?origin=wars&destination=buch&outboundDate=2026-08-09&inboundDate=2026-08-12&market=PL&locale=pl-PL&currency=PLN&mediaPartnerId=6439681,Warszawa-Bukareszt,338.46375,-2.446764724943641,
Warszawa,Barcelona,Hiszpania,Warszawa,2026-06-08,2026-06-10,2,69.0,170.31,239.31,WARS,BCN,WARS,wizzair,wizzair,PLN,EUR,https://www.skyscanner.net/g/referrals/v1/flights/day-view/?origin=wars&destination=bcn&outboundDate=2026-06-08&inboundDate=2026-06-10&market=PL&locale=pl-PL&currency=PLN&mediaPartnerId=6439681,Warszawa-Barcelona,348.7502631578947,-2.3117482044950473,
Warszawa,Barcelona,Hiszpania,Warszawa,2026-06-08,2026-06-14,6,69.0,170.31,239.31,WARS,BCN,WARS,wizzair,wizzair,PLN,EUR,https://www.skyscanner.net/g/referrals/v1/flights/day-view/?origin=wars&destination=bcn&outboundDate=2026-06-08&inboundDate=2026-06-14&market=PL&locale=pl-PL&currency=PLN&mediaPartnerId=6439681,Warszawa-Barcelona,348.7502631578947,-2.3117482044950473,
Warszawa,Barcelona,Hiszpania,Warszawa,2026-06-08,2026-06-13,5,69.0,170.31,239.31,WARS,BCN,WARS,wizzair,wizzair,PLN,EUR,https://www.skyscanner.net/g/referrals/v1/flights/day-view/?origin=wars&destination=bcn&outboundDate=2026-06-08&inboundDate=2026-06-13&market=PL&locale=pl-PL&currency=PLN&mediaPartnerId=6439681,Warszawa-Barcelona,348.7502631578947,-2.3117482044950473,
Warszawa,Barcelona,Hiszpania,Warszawa,2026-05-26,2026-06-02,7,179.0,63.84,242.84,WARS,BCN,WARS,wizzair,wizzair,PLN,EUR,https://www.skyscanner.net/g/referrals/v1/flights/day-view/?origin=wars&destination=bcn&outboundDate=2026-05-26&inboundDate=2026-06-02&market=PL&locale=pl-PL&currency=PLN&mediaPartnerId=6439681,Warszawa-Barcelona,408.34514285714283,-3.2794293417165514,
Warszawa,Bukareszt,Rumunia,Warszawa,2026-08-17,2026-08-20,3,89.0,155.41,244.41,WARS,BUCH,WARS,wizzair,wizzair,PLN,RON,https://www.skyscanner.net/g/referrals/v1/flights/day-view/?origin=wars&destination=buch&outboundDate=2026-08-17&inboundDate=2026-08-20&market=PL&locale=pl-PL&currency=PLN&mediaPartnerId=6439681,Warszawa-Bukareszt,338.46375,-2.2257379943049553,
Warszawa,Manchester,Wielka Brytania,Warszawa,2026-05-15,2026-05-17,2,140.48,106.04,246.51999999999998,WARS,MAN,WARS,ryanair,ryanair,PLN,PLN,https://www.skyscanner.net/g/referrals/v1/flights/day-view/?origin=wars&destination=man&outboundDate=2026-05-15&inboundDate=2026-05-17&market=PL&locale=pl-PL&currency=PLN&mediaPartnerId=6439681,Warszawa-Manchester,307.93833333333333,-1.203124470532271,
Warszawa,Charleroi,Belgia,Warszawa,2026-08-28,2026-08-31,3,145.4,112.99,258.39,WARS,CRL,WARS,ryanair,ryanair,PLN,PLN,https://www.skyscanner.net/g/referrals/v1/flights/day-view/?origin=wars&destination=crl&outboundDate=2026-08-28&inboundDate=2026-08-31&market=PL&locale=pl-PL&currency=PLN&mediaPartnerId=6439681,Warszawa-Charleroi,280.23400000000004,-1.205881628431727,
Warszawa,Barcelona,Hiszpania,Warszawa,2026-06-08,2026-06-15,7,69.0,195.86,264.86,WARS,BCN,WARS,wizzair,wizzair,PLN,EUR,https://www.skyscanner.net/g/referrals/v1/flights/day-view/?origin=wars&destination=bcn&outboundDate=2026-06-08&inboundDate=2026-06-15&market=PL&locale=pl-PL&currency=PLN&mediaPartnerId=6439681,Warszawa-Barcelona,348.7502631578947,-1.7720458598503497,
Warszawa,Barcelona,Hiszpania,Warszawa,2026-06-08,2026-06-12,4,69.0,195.86,264.86,WARS,BCN,WARS,wizzair,wizzair,PLN,EUR,https://www.skyscanner.net/g/referrals/v1/flights/day-view/?origin=wars&destination=bcn&outboundDate=2026-06-08&inboundDate=2026-06-12&market=PL&locale=pl-PL&currency=PLN&mediaPartnerId=6439681,Warszawa-Barcelona,348.7502631578947,-1.7720458598503497,
Warszawa,Barcelona,Hiszpania,Warszawa,2026-06-08,2026-06-11,3,69.0,195.86,264.86,WARS,BCN,WARS,wizzair,wizzair,PLN,EUR,https://www.skyscanner.net/g/referrals/v1/flights/day-view/?origin=wars&destination=bcn&outboundDate=2026-06-08&inboundDate=2026-06-11&market=PL&locale=pl-PL&currency=PLN&mediaPartnerId=6439681,Warszawa-Barcelona,348.7502631578947,-1.7720458598503497,
Warszawa,Charleroi,Belgia,Warszawa,2026-07-27,2026-08-02,6,104.0,178.81,282.81,WARS,CRL,WARS,ryanair,ryanair,PLN,PLN,https://www.skyscanner.net/g/referrals/v1/flights/day-view/?origin=wars&destination=crl&outboundDate=2026-07-27&inboundDate=2026-08-02&market=PL&locale=pl-PL&currency=PLN&mediaPartnerId=6439681,Warszawa-Charleroi,350.43,-1.83013032448984,
Warszawa,Charleroi,Belgia,Warszawa,2026-05-24,2026-05-31,7,208.99,89.38,298.37,WARS,CRL,WARS,ryanair,ryanair,PLN,PLN,https://www.skyscanner.net/g/referrals/v1/flights/day-view/?origin=wars&destination=crl&outboundDate=2026-05-24&inboundDate=2026-05-31&market=PL&locale=pl-PL&currency=PLN&mediaPartnerId=6439681,Warszawa-Charleroi,384.326,-1.055818217963217,
Warszawa,Charleroi,Belgia,Warszawa,2026-05-29,2026-05-31,2,212.88,89.38,302.26,WARS,CRL,WARS,ryanair,ryanair,PLN,PLN,https://www.skyscanner.net/g/referrals/v1/flights/day-view/?origin=wars&destination=crl&outboundDate=2026-05-29&inboundDate=2026-05-31&market=PL&locale=pl-PL&currency=PLN&mediaPartnerId=6439681,Warszawa-Charleroi,384.326,-1.00803641252931,
Warszawa,Charleroi,Belgia,Warszawa,2026-07-31,2026-08-07,7,141.65,166.04,307.69,WARS,CRL,WARS,ryanair,ryanair,PLN,PLN,https://www.skyscanner.net/g/referrals/v1/flights/day-view/?origin=wars&destination=crl&outboundDate=2026-07-31&inboundDate=2026-08-07&market=PL&locale=pl-PL&currency=PLN&mediaPartnerId=6439681,Warszawa-Charleroi,350.43,-1.1567549551714844,
Warszawa,Barcelona,Hiszpania,Warszawa,2026-05-27,2026-06-02,6,249.0,63.84,312.84000000000003,WARS,BCN,WARS,wizzair,wizzair,PLN,EUR,https://www.skyscanner.net/g/referrals/v1/flights/day-view/?origin=wars&destination=bcn&outboundDate=2026-05-27&inboundDate=2026-06-02&market=PL&locale=pl-PL&currency=PLN&mediaPartnerId=6439681,Warszawa-Barcelona,408.34514285714283,-1.8924026309012543,
Warszawa,Malaga,Hiszpania,Warszawa,2026-05-19,2026-05-26,7,174.55,174.55,349.1,WARS,AGP,WARS,ryanair,ryanair,PLN,PLN,https://www.skyscanner.net/g/referrals/v1/flights/day-view/?origin=wars&destination=agp&outboundDate=2026-05-19&inboundDate=2026-05-26&market=PL&locale=pl-PL&currency=PLN&mediaPartnerId=6439681,Warszawa-Malaga,415.34414634146344,-2.1727816515945344,
Warszawa,Barcelona,Hiszpania,Warszawa,2026-05-26,2026-05-28,2,179.0,170.31,349.31,WARS,BCN,WARS,wizzair,wizzair,PLN,EUR,https://www.skyscanner.net/g/referrals/v1/flights/day-view/?origin=wars&destination=bcn&outboundDate=2026-05-26&inboundDate=2026-05-28&market=PL&locale=pl-PL&currency=PLN&mediaPartnerId=6439681,Warszawa-Barcelona,408.34514285714283,-1.1697617145664854,
Warszawa,Barcelona,Hiszpania,Warszawa,2026-05-26,2026-05-29,3,179.0,170.31,349.31,WARS,BCN,WARS,wizzair,wizzair,PLN,EUR,https://www.skyscanner.net/g/referrals/v1/flights/day-view/?origin=wars&destination=bcn&outboundDate=2026-05-26&inboundDate=2026-05-29&market=PL&locale=pl-PL&currency=PLN&mediaPartnerId=6439681,Warszawa-Barcelona,408.34514285714283,-1.1697617145664854,
Warszawa,Barcelona,Hiszpania,Warszawa,2026-05-30,2026-06-02,3,289.0,63.84,352.84000000000003,WARS,BCN,WARS,wizzair,wizzair,PLN,EUR,https://www.skyscanner.net/g/referrals/v1/flights/day-view/?origin=wars&destination=bcn&outboundDate=2026-05-30&inboundDate=2026-06-02&market=PL&locale=pl-PL&currency=PLN&mediaPartnerId=6439681,Warszawa-Barcelona,408.34514285714283,-1.099815939006799,
Warszawa,Malaga,Hiszpania,Warszawa,2026-05-28,2026-06-02,5,219.0,144.74,363.74,WARS,AGP,WARS,wizzair,ryanair,PLN,PLN,https://www.skyscanner.net/g/referrals/v1/flights/day-view/?origin=wars&destination=agp&outboundDate=2026-05-28&inboundDate=2026-06-02&market=PL&locale=pl-PL&currency=PLN&mediaPartnerId=6439681,Warszawa-Malaga,415.34414634146344,-1.6925954746095078,
Warszawa,Malaga,Hiszpania,Warszawa,2026-05-26,2026-06-02,7,219.0,144.74,363.74,WARS,AGP,WARS,wizzair,ryanair,PLN,PLN,https://www.skyscanner.net/g/referrals/v1/flights/day-view/?origin=wars&destination=agp&outboundDate=2026-05-26&inboundDate=2026-06-02&market=PL&locale=pl-PL&currency=PLN&mediaPartnerId=6439681,Warszawa-Malaga,415.34414634146344,-1.6925954746095078,
Warszawa,Malaga,Hiszpania,Warszawa,2026-06-13,2026-06-16,3,188.67,183.07,371.74,WARS,AGP,WARS,ryanair,ryanair,PLN,PLN,https://www.skyscanner.net/g/referrals/v1/flights/day-view/?origin=wars&destination=agp&outboundDate=2026-06-13&inboundDate=2026-06-16&market=PL&locale=pl-PL&currency=PLN&mediaPartnerId=6439681,Warszawa-Malaga,465.0547058823529,-1.608163554492289,
Warszawa,Malaga,Hiszpania,Warszawa,2026-05-16,2026-05-21,5,164.64,212.89,377.53,WARS,AGP,WARS,ryanair,wizzair,PLN,EUR,https://www.skyscanner.net/g/referrals/v1/flights/day-view/?origin=wars&destination=agp&outboundDate=2026-05-16&inboundDate=2026-05-21&market=PL&locale=pl-PL&currency=PLN&mediaPartnerId=6439681,Warszawa-Malaga,415.34414634146344,-1.2402889595395963,
Warszawa,Malaga,Hiszpania,Warszawa,2026-05-16,2026-05-20,4,164.64,212.89,377.53,WARS,AGP,WARS,ryanair,wizzair,PLN,EUR,https://www.skyscanner.net/g/referrals/v1/flights/day-view/?origin=wars&destination=agp&outboundDate=2026-05-16&inboundDate=2026-05-20&market=PL&locale=pl-PL&currency=PLN&mediaPartnerId=6439681,Warszawa-Malaga,415.34414634146344,-1.2402889595395963,
Warszawa,Alicante,Hiszpania,Warszawa,2026-05-16,2026-05-21,5,164.64,212.89,377.53,WARS,ALC,WARS,ryanair,wizzair,PLN,EUR,https://www.skyscanner.net/g/referrals/v1/flights/day-view/?origin=wars&destination=alc&outboundDate=2026-05-16&inboundDate=2026-05-21&market=PL&locale=pl-PL&currency=PLN&mediaPartnerId=6439681,Warszawa-Alicante,429.5358333333333,-2.99204654684042,
Warszawa,Malaga,Hiszpania,Warszawa,2026-05-17,2026-05-20,3,170.29,212.89,383.17999999999995,WARS,AGP,WARS,ryanair,wizzair,PLN,EUR,https://www.skyscanner.net/g/referrals/v1/flights/day-view/?origin=wars&destination=agp&outboundDate=2026-05-17&inboundDate=2026-05-20&market=PL&locale=pl-PL&currency=PLN&mediaPartnerId=6439681,Warszawa-Malaga,415.34414634146344,-1.05497120680972,
Warszawa,Malaga,Hiszpania,Warszawa,2026-05-17,2026-05-21,4,170.29,212.89,383.17999999999995,WARS,AGP,WARS,ryanair,wizzair,PLN,EUR,https://www.skyscanner.net/g/referrals/v1/flights/day-view/?origin=wars&destination=agp&outboundDate=2026-05-17&inboundDate=2026-05-21&market=PL&locale=pl-PL&currency=PLN&mediaPartnerId=6439681,Warszawa-Malaga,415.34414634146344,-1.05497120680972,
Warszawa,Malaga,Hiszpania,Warszawa,2026-06-02,2026-06-04,2,219.0,166.04,385.03999999999996,WARS,AGP,WARS,wizzair,ryanair,PLN,PLN,https://www.skyscanner.net/g/referrals/v1/flights/day-view/?origin=wars&destination=agp&outboundDate=2026-06-02&inboundDate=2026-06-04&market=PL&locale=pl-PL&currency=PLN&mediaPartnerId=6439681,Warszawa-Malaga,465.0547058823529,-1.378954502473059,
Warszawa,Alicante,Hiszpania,Warszawa,2026-06-10,2026-06-12,2,179.0,212.89,391.89,WARS,ALC,WARS,wizzair,wizzair,PLN,EUR,https://www.skyscanner.net/g/referrals/v1/flights/day-view/?origin=wars&destination=alc&outboundDate=2026-06-10&inboundDate=2026-06-12&market=PL&locale=pl-PL&currency=PLN&mediaPartnerId=6439681,Warszawa-Alicante,442.80114285714285,-1.3272442188326268,
Warszawa,Alicante,Hiszpania,Warszawa,2026-06-10,2026-06-13,3,179.0,221.99,400.99,WARS,ALC,WARS,wizzair,ryanair,PLN,PLN,https://www.skyscanner.net/g/referrals/v1/flights/day-view/?origin=wars&destination=alc&outboundDate=2026-06-10&inboundDate=2026-06-13&market=PL&locale=pl-PL&currency=PLN&mediaPartnerId=6439681,Warszawa-Alicante,442.80114285714285,-1.0900088767530414,
Warszawa,Alicante,Hiszpania,Warszawa,2026-05-18,2026-05-21,3,188.67,212.89,401.55999999999995,WARS,ALC,WARS,ryanair,wizzair,PLN,EUR,https://www.skyscanner.net/g/referrals/v1/flights/day-view/?origin=wars&destination=alc&outboundDate=2026-05-18&inboundDate=2026-05-21&market=PL&locale=pl-PL&currency=PLN&mediaPartnerId=6439681,Warszawa-Alicante,429.5358333333333,-1.609530895956861,
Warszawa,Alicante,Hiszpania,Warszawa,2026-06-13,2026-06-18,5,188.67,212.89,401.55999999999995,WARS,ALC,WARS,ryanair,wizzair,PLN,EUR,https://www.skyscanner.net/g/referrals/v1/flights/day-view/?origin=wars&destination=alc&outboundDate=2026-06-13&inboundDate=2026-06-18&market=PL&locale=pl-PL&currency=PLN&mediaPartnerId=6439681,Warszawa-Alicante,442.80114285714285,-1.0751490806008053,
Warszawa,Malaga,Hiszpania,Warszawa,2026-06-11,2026-06-16,5,219.0,183.07,402.07,WARS,AGP,WARS,wizzair,ryanair,PLN,PLN,https://www.skyscanner.net/g/referrals/v1/flights/day-view/?origin=wars&destination=agp&outboundDate=2026-06-11&inboundDate=2026-06-16&market=PL&locale=pl-PL&currency=PLN&mediaPartnerId=6439681,Warszawa-Malaga,465.0547058823529,-1.0854635133085846,
Warszawa,Malaga,Hiszpania,Warszawa,2026-06-09,2026-06-16,7,219.0,183.07,402.07,WARS,AGP,WARS,wizzair,ryanair,PLN,PLN,https://www.skyscanner.net/g/referrals/v1/flights/day-view/?origin=wars&destination=agp&outboundDate=2026-06-09&inboundDate=2026-06-16&market=PL&locale=pl-PL&currency=PLN&mediaPartnerId=6439681,Warszawa-Malaga,465.0547058823529,-1.0854635133085846,
Warszawa,Malaga,Hiszpania,Warszawa,2026-06-10,2026-06-16,6,219.0,183.07,402.07,WARS,AGP,WARS,wizzair,ryanair,PLN,PLN,https://www.skyscanner.net/g/referrals/v1/flights/day-view/?origin=wars&destination=agp&outboundDate=2026-06-10&inboundDate=2026-06-16&market=PL&locale=pl-PL&currency=PLN&mediaPartnerId=6439681,Warszawa-Malaga,465.0547058823529,-1.0854635133085846,
Warszawa,Alicante,Hiszpania,Warszawa,2026-05-16,2026-05-23,7,164.64,238.43,403.07,WARS,ALC,WARS,ryanair,ryanair,PLN,PLN,https://www.skyscanner.net/g/referrals/v1/flights/day-view/?origin=wars&destination=alc&outboundDate=2026-05-16&inboundDate=2026-05-23&market=PL&locale=pl-PL&currency=PLN&mediaPartnerId=6439681,Warszawa-Alicante,429.5358333333333,-1.5226562129425356,
Warszawa,Alicante,Hiszpania,Warszawa,2026-05-16,2026-05-22,6,164.64,238.44,403.08,WARS,ALC,WARS,ryanair,wizzair,PLN,EUR,https://www.skyscanner.net/g/referrals/v1/flights/day-view/?origin=wars&destination=alc&outboundDate=2026-05-16&inboundDate=2026-05-22&market=PL&locale=pl-PL&currency=PLN&mediaPartnerId=6439681,Warszawa-Alicante,429.5358333333333,-1.5220808839159512,
Warszawa,Alicante,Hiszpania,Warszawa,2026-05-16,2026-05-20,4,164.64,238.44,403.08,WARS,ALC,WARS,ryanair,wizzair,PLN,EUR,https://www.skyscanner.net/g/referrals/v1/flights/day-view/?origin=wars&destination=alc&outboundDate=2026-05-16&inboundDate=2026-05-20&market=PL&locale=pl-PL&currency=PLN&mediaPartnerId=6439681,Warszawa-Alicante,429.5358333333333,-1.5220808839159512,
Warszawa,Manchester,Wielka Brytania,Warszawa,2026-08-10,2026-08-17,7,281.01,171.96,452.97,WARS,MAN,WARS,ryanair,ryanair,PLN,PLN,https://www.skyscanner.net/g/referrals/v1/flights/day-view/?origin=wars&destination=man&outboundDate=2026-08-10&inboundDate=2026-08-17&market=PL&locale=pl-PL&currency=PLN&mediaPartnerId=6439681,Warszawa-Manchester,571.8857142857142,-1.7252714670649019,
Warszawa,Alicante,Hiszpania,Warszawa,2026-07-03,2026-07-09,6,209.0,255.48,464.48,WARS,ALC,WARS,wizzair,wizzair,PLN,EUR,https://www.skyscanner.net/g/referrals/v1/flights/day-view/?origin=wars&destination=alc&outboundDate=2026-07-03&inboundDate=2026-07-09&market=PL&locale=pl-PL&currency=PLN&mediaPartnerId=6439681,Warszawa-Alicante,542.8732608695652,-1.1904947953824112,
Warszawa,Alicante,Hiszpania,Warszawa,2026-07-07,2026-07-09,2,209.0,255.48,464.48,WARS,ALC,WARS,wizzair,wizzair,PLN,EUR,https://www.skyscanner.net/g/referrals/v1/flights/day-view/?origin=wars&destination=alc&outboundDate=2026-07-07&inboundDate=2026-07-09&market=PL&locale=pl-PL&currency=PLN&mediaPartnerId=6439681,Warszawa-Alicante,542.8732608695652,-1.1904947953824112,
Warszawa,Alicante,Hiszpania,Warszawa,2026-07-26,2026-07-28,2,129.0,340.65,469.65,WARS,ALC,WARS,wizzair,wizzair,PLN,EUR,https://www.skyscanner.net/g/referrals/v1/flights/day-view/?origin=wars&destination=alc&outboundDate=2026-07-26&inboundDate=2026-07-28&market=PL&locale=pl-PL&currency=PLN&mediaPartnerId=6439681,Warszawa-Alicante,542.8732608695652,-1.111982203561951,
Warszawa,Malaga,Hiszpania,Warszawa,2026-07-25,2026-07-28,3,171.11,322.47,493.58000000000004,WARS,AGP,WARS,ryanair,ryanair,PLN,PLN,https://www.skyscanner.net/g/referrals/v1/flights/day-view/?origin=wars&destination=agp&outboundDate=2026-07-25&inboundDate=2026-07-28&market=PL&locale=pl-PL&currency=PLN&mediaPartnerId=6439681,Warszawa-Malaga,592.4497368421053,-1.9384856680442888,
Warszawa,Malaga,Hiszpania,Warszawa,2026-07-11,2026-07-16,5,196.34,298.07,494.40999999999997,WARS,AGP,WARS,ryanair,wizzair,PLN,EUR,https://www.skyscanner.net/g/referrals/v1/flights/day-view/?origin=wars&destination=agp&outboundDate=2026-07-11&inboundDate=2026-07-16&market=PL&locale=pl-PL&currency=PLN&mediaPartnerId=6439681,Warszawa-Malaga,592.4497368421053,-1.9222123051744544,
Warszawa,Malaga,Hiszpania,Warszawa,2026-07-10,2026-07-16,6,219.0,298.07,517.0699999999999,WARS,AGP,WARS,wizzair,wizzair,PLN,EUR,https://www.skyscanner.net/g/referrals/v1/flights/day-view/?origin=wars&destination=agp&outboundDate=2026-07-10&inboundDate=2026-07-16&market=PL&locale=pl-PL&currency=PLN&mediaPartnerId=6439681,Warszawa-Malaga,592.4497368421053,-1.4779298923666464,
Warszawa,Barcelona,Hiszpania,Warszawa,2026-08-02,2026-08-06,4,179.0,340.65,519.65,WARS,BCN,WARS,wizzair,wizzair,PLN,EUR,https://www.skyscanner.net/g/referrals/v1/flights/day-view/?origin=wars&destination=bcn&outboundDate=2026-08-02&inboundDate=2026-08-06&market=PL&locale=pl-PL&currency=PLN&mediaPartnerId=6439681,Warszawa-Barcelona,569.3668421052631,-2.173484642541699,
Warszawa,Barcelona,Hiszpania,Warszawa,2026-08-02,2026-08-04,2,179.0,340.65,519.65,WARS,BCN,WARS,wizzair,wizzair,PLN,EUR,https://www.skyscanner.net/g/referrals/v1/flights/day-view/?origin=wars&destination=bcn&outboundDate=2026-08-02&inboundDate=2026-08-04&market=PL&locale=pl-PL&currency=PLN&mediaPartnerId=6439681,Warszawa-Barcelona,569.3668421052631,-2.173484642541699,
Warszawa,Leeds,Wielka Brytania,Warszawa,2026-08-13,2026-08-20,7,323.6,196.53,520.13,WARS,LBA,WARS,ryanair,ryanair,PLN,PLN,https://www.skyscanner.net/g/referrals/v1/flights/day-view/?origin=wars&destination=lba&outboundDate=2026-08-13&inboundDate=2026-08-20&market=PL&locale=pl-PL&currency=PLN&mediaPartnerId=6439681,Warszawa-Leeds,571.9185714285715,-1.9483236566916409,
Warszawa,Malaga,Hiszpania,Warszawa,2026-08-01,2026-08-06,5,171.11,349.15,520.26,WARS,AGP,WARS,ryanair,ryanair,PLN,PLN,https://www.skyscanner.net/g/referrals/v1/flights/day-view/?origin=wars&destination=agp&outboundDate=2026-08-01&inboundDate=2026-08-06&market=PL&locale=pl-PL&currency=PLN&mediaPartnerId=6439681,Warszawa-Malaga,646.9285185185186,-2.755760915173425,
Warszawa,Barcelona,Hiszpania,Warszawa,2026-08-18,2026-08-25,7,289.0,255.48,544.48,WARS,BCN,WARS,wizzair,wizzair,PLN,EUR,https://www.skyscanner.net/g/referrals/v1/flights/day-view/?origin=wars&destination=bcn&outboundDate=2026-08-18&inboundDate=2026-08-25&market=PL&locale=pl-PL&currency=PLN&mediaPartnerId=6439681,Warszawa-Barcelona,569.3668421052631,-1.0879848121211073,
Warszawa,Malaga,Hiszpania,Warszawa,2026-08-01,2026-08-04,3,171.11,387.47,558.58,WARS,AGP,WARS,ryanair,ryanair,PLN,PLN,https://www.skyscanner.net/g/referrals/v1/flights/day-view/?origin=wars&destination=agp&outboundDate=2026-08-01&inboundDate=2026-08-04&market=PL&locale=pl-PL&currency=PLN&mediaPartnerId=6439681,Warszawa-Malaga,646.9285185185186,-1.922082906584359,
Warszawa,Malaga,Hiszpania,Warszawa,2026-08-29,2026-08-31,2,204.0,374.7,578.7,WARS,AGP,WARS,ryanair,ryanair,PLN,PLN,https://www.skyscanner.net/g/referrals/v1/flights/day-view/?origin=wars&destination=agp&outboundDate=2026-08-29&inboundDate=2026-08-31&market=PL&locale=pl-PL&currency=PLN&mediaPartnerId=6439681,Warszawa-Malaga,646.9285185185186,-1.484358440696781,
Warszawa,Alicante,Hiszpania,Warszawa,2026-08-06,2026-08-12,6,239.19,340.65,579.8399999999999,WARS,ALC,WARS,ryanair,wizzair,PLN,EUR,https://www.skyscanner.net/g/referrals/v1/flights/day-view/?origin=wars&destination=alc&outboundDate=2026-08-06&inboundDate=2026-08-12&market=PL&locale=pl-PL&currency=PLN&mediaPartnerId=6439681,Warszawa-Alicante,655.7227272727273,-2.2766817373563533,
Warszawa,Alicante,Hiszpania,Warszawa,2026-08-06,2026-08-11,5,239.19,340.65,579.8399999999999,WARS,ALC,WARS,ryanair,wizzair,PLN,EUR,https://www.skyscanner.net/g/referrals/v1/flights/day-view/?origin=wars&destination=alc&outboundDate=2026-08-06&inboundDate=2026-08-11&market=PL&locale=pl-PL&currency=PLN&mediaPartnerId=6439681,Warszawa-Alicante,655.7227272727273,-2.2766817373563533,
Warszawa,Malaga,Hiszpania,Warszawa,2026-08-08,2026-08-11,3,204.0,378.96,582.96,WARS,AGP,WARS,ryanair,ryanair,PLN,PLN,https://www.skyscanner.net/g/referrals/v1/flights/day-view/?origin=wars&destination=agp&outboundDate=2026-08-08&inboundDate=2026-08-11&market=PL&locale=pl-PL&currency=PLN&mediaPartnerId=6439681,Warszawa-Malaga,646.9285185185186,-1.3916792048776419,
