Outbound From,Destination,ArrivalCountry,Inbound To,Departure Date,Return Date,Trip Duration (Days),Outbound Price,Inbound Price,Total Price,IATA_Departure,IATA_Destination,IATA_Return,Outbound Provider,Inbound Provider,Outbound Source Currency,Inbound Source Currency,Round_Trip_Link,Route,AvgPrice,z_score,price_yesterday,price_change_percent
Warszawa,Bukareszt,Rumunia,Warszawa,2026-06-17,2026-06-24,7,69,64,133,WARS,BUCH,WARS,wizzair,wizzair,PLN,RON,https://www.skyscanner.net/g/referrals/v1/flights/day-view/?origin=wars&destination=buch&outboundDate=2026-06-17&inboundDate=2026-06-24&market=PL&locale=pl-PL&currency=PLN&mediaPartnerId=6439681,Warszawa-Bukareszt,160.0,-2.0167339259180896,133.95999999999998,-0.72
Warszawa,Bukareszt,Rumunia,Warszawa,2026-05-27,2026-06-03,7,69,81,150,WARS,BUCH,WARS,wizzair,wizzair,PLN,RON,https://www.skyscanner.net/g/referrals/v1/flights/day-view/?origin=wars&destination=buch&outboundDate=2026-05-27&inboundDate=2026-06-03&market=PL&locale=pl-PL&currency=PLN&mediaPartnerId=6439681,Warszawa-Bukareszt,194.0,-1.968396061612155,150.4,-0.27
Warszawa,Bukareszt,Rumunia,Warszawa,2026-05-28,2026-06-04,7,89,64,153,WARS,BUCH,WARS,wizzair,wizzair,PLN,RON,https://www.skyscanner.net/g/referrals/v1/flights/day-view/?origin=wars&destination=buch&outboundDate=2026-05-28&inboundDate=2026-06-04&market=PL&locale=pl-PL&currency=PLN&mediaPartnerId=6439681,Warszawa-Bukareszt,194.0,-1.834187239229508,153.95999999999998,-0.62
Warszawa,Leeds,Wielka Brytania,Warszawa,2026-06-13,2026-06-15,2,76,79,155,WARS,LBA,WARS,ryanair,ryanair,PLN,PLN,https://www.skyscanner.net/g/referrals/v1/flights/day-view/?origin=wars&destination=lba&outboundDate=2026-06-13&inboundDate=2026-06-15&market=PL&locale=pl-PL&currency=PLN&mediaPartnerId=6439681,Warszawa-Leeds,282.09090909090907,-1.154337709790348,159.87,-3.05
Warszawa,Leeds,Wielka Brytania,Warszawa,2026-05-21,2026-05-28,7,63,95,158,WARS,LBA,WARS,ryanair,ryanair,PLN,PLN,https://www.skyscanner.net/g/referrals/v1/flights/day-view/?origin=wars&destination=lba&outboundDate=2026-05-21&inboundDate=2026-05-28&market=PL&locale=pl-PL&currency=PLN&mediaPartnerId=6439681,Warszawa-Leeds,191.33333333333334,-1.6047416349289167,158.82999999999998,-0.52
Warszawa,Bukareszt,Rumunia,Warszawa,2026-05-27,2026-06-02,6,69,97,166,WARS,BUCH,WARS,wizzair,wizzair,PLN,RON,https://www.skyscanner.net/g/referrals/v1/flights/day-view/?origin=wars&destination=buch&outboundDate=2026-05-27&inboundDate=2026-06-02&market=PL&locale=pl-PL&currency=PLN&mediaPartnerId=6439681,Warszawa-Bukareszt,194.0,-1.2526156755713713,166.85,-0.51
Warszawa,Bukareszt,Rumunia,Warszawa,2026-05-28,2026-06-03,6,89,81,170,WARS,BUCH,WARS,wizzair,wizzair,PLN,RON,https://www.skyscanner.net/g/referrals/v1/flights/day-view/?origin=wars&destination=buch&outboundDate=2026-05-28&inboundDate=2026-06-03&market=PL&locale=pl-PL&currency=PLN&mediaPartnerId=6439681,Warszawa-Bukareszt,194.0,-1.0736705790611754,,0.0
Warszawa,Bukareszt,Rumunia,Warszawa,2026-05-26,2026-05-28,2,89,81,170,WARS,BUCH,WARS,wizzair,wizzair,PLN,RON,https://www.skyscanner.net/g/referrals/v1/flights/day-view/?origin=wars&destination=buch&outboundDate=2026-05-26&inboundDate=2026-05-28&market=PL&locale=pl-PL&currency=PLN&mediaPartnerId=6439681,Warszawa-Bukareszt,194.0,-1.0736705790611754,,0.0
Warszawa,Charleroi,Belgia,Warszawa,2026-06-08,2026-06-15,7,104,72,176,WARS,CRL,WARS,ryanair,ryanair,PLN,PLN,https://www.skyscanner.net/g/referrals/v1/flights/day-view/?origin=wars&destination=crl&outboundDate=2026-06-08&inboundDate=2026-06-15&market=PL&locale=pl-PL&currency=PLN&mediaPartnerId=6439681,Warszawa-Charleroi,199.16666666666666,-1.8930233369938003,172.09,2.27
Warszawa,Manchester,Wielka Brytania,Warszawa,2026-06-19,2026-06-21,2,108,108,216,WARS,MAN,WARS,ryanair,ryanair,PLN,PLN,https://www.skyscanner.net/g/referrals/v1/flights/day-view/?origin=wars&destination=man&outboundDate=2026-06-19&inboundDate=2026-06-21&market=PL&locale=pl-PL&currency=PLN&mediaPartnerId=6439681,Warszawa-Manchester,340.8888888888889,-1.0717269037935566,217.98,-0.91
Warszawa,Barcelona,Hiszpania,Warszawa,2026-06-08,2026-06-11,3,69,170,239,WARS,BCN,WARS,wizzair,wizzair,PLN,EUR,https://www.skyscanner.net/g/referrals/v1/flights/day-view/?origin=wars&destination=bcn&outboundDate=2026-06-08&inboundDate=2026-06-11&market=PL&locale=pl-PL&currency=PLN&mediaPartnerId=6439681,Warszawa-Barcelona,346.1025641025641,-2.2438505994025073,264.86,-9.76
Warszawa,Barcelona,Hiszpania,Warszawa,2026-06-08,2026-06-14,6,69,170,239,WARS,BCN,WARS,wizzair,wizzair,PLN,EUR,https://www.skyscanner.net/g/referrals/v1/flights/day-view/?origin=wars&destination=bcn&outboundDate=2026-06-08&inboundDate=2026-06-14&market=PL&locale=pl-PL&currency=PLN&mediaPartnerId=6439681,Warszawa-Barcelona,346.1025641025641,-2.2438505994025073,239.31,-0.13
Warszawa,Barcelona,Hiszpania,Warszawa,2026-06-08,2026-06-10,2,69,170,239,WARS,BCN,WARS,wizzair,wizzair,PLN,EUR,https://www.skyscanner.net/g/referrals/v1/flights/day-view/?origin=wars&destination=bcn&outboundDate=2026-06-08&inboundDate=2026-06-10&market=PL&locale=pl-PL&currency=PLN&mediaPartnerId=6439681,Warszawa-Barcelona,346.1025641025641,-2.2438505994025073,239.31,-0.13
Warszawa,Barcelona,Hiszpania,Warszawa,2026-06-08,2026-06-13,5,69,170,239,WARS,BCN,WARS,wizzair,wizzair,PLN,EUR,https://www.skyscanner.net/g/referrals/v1/flights/day-view/?origin=wars&destination=bcn&outboundDate=2026-06-08&inboundDate=2026-06-13&market=PL&locale=pl-PL&currency=PLN&mediaPartnerId=6439681,Warszawa-Barcelona,346.1025641025641,-2.2438505994025073,239.31,-0.13
Warszawa,Barcelona,Hiszpania,Warszawa,2026-05-26,2026-06-02,7,179,63,242,WARS,BCN,WARS,wizzair,wizzair,PLN,EUR,https://www.skyscanner.net/g/referrals/v1/flights/day-view/?origin=wars&destination=bcn&outboundDate=2026-05-26&inboundDate=2026-06-02&market=PL&locale=pl-PL&currency=PLN&mediaPartnerId=6439681,Warszawa-Barcelona,405.030303030303,-3.5702541474762715,242.84,-0.35
Warszawa,Bukareszt,Rumunia,Warszawa,2026-08-17,2026-08-20,3,89,155,244,WARS,BUCH,WARS,wizzair,wizzair,PLN,RON,https://www.skyscanner.net/g/referrals/v1/flights/day-view/?origin=wars&destination=buch&outboundDate=2026-08-17&inboundDate=2026-08-20&market=PL&locale=pl-PL&currency=PLN&mediaPartnerId=6439681,Warszawa-Bukareszt,339.1875,-2.3421036970941573,244.41,-0.17
Warszawa,Bukareszt,Rumunia,Warszawa,2026-08-09,2026-08-12,3,139,106,245,WARS,BUCH,WARS,wizzair,wizzair,PLN,RON,https://www.skyscanner.net/g/referrals/v1/flights/day-view/?origin=wars&destination=buch&outboundDate=2026-08-09&inboundDate=2026-08-12&market=PL&locale=pl-PL&currency=PLN&mediaPartnerId=6439681,Warszawa-Bukareszt,339.1875,-2.3174985367832535,235.07,4.22
Warszawa,Charleroi,Belgia,Warszawa,2026-08-28,2026-08-31,3,145,112,257,WARS,CRL,WARS,ryanair,ryanair,PLN,PLN,https://www.skyscanner.net/g/referrals/v1/flights/day-view/?origin=wars&destination=crl&outboundDate=2026-08-28&inboundDate=2026-08-31&market=PL&locale=pl-PL&currency=PLN&mediaPartnerId=6439681,Warszawa-Charleroi,278.2,-1.2608776792806824,258.39,-0.54
Warszawa,Barcelona,Hiszpania,Warszawa,2026-06-08,2026-06-12,4,69,195,264,WARS,BCN,WARS,wizzair,wizzair,PLN,EUR,https://www.skyscanner.net/g/referrals/v1/flights/day-view/?origin=wars&destination=bcn&outboundDate=2026-06-08&inboundDate=2026-06-12&market=PL&locale=pl-PL&currency=PLN&mediaPartnerId=6439681,Warszawa-Barcelona,346.1025641025641,-1.7200884891756831,264.86,-0.32
Warszawa,Barcelona,Hiszpania,Warszawa,2026-06-08,2026-06-15,7,69,195,264,WARS,BCN,WARS,wizzair,wizzair,PLN,EUR,https://www.skyscanner.net/g/referrals/v1/flights/day-view/?origin=wars&destination=bcn&outboundDate=2026-06-08&inboundDate=2026-06-15&market=PL&locale=pl-PL&currency=PLN&mediaPartnerId=6439681,Warszawa-Barcelona,346.1025641025641,-1.7200884891756831,264.86,-0.32
Warszawa,Manchester,Wielka Brytania,Warszawa,2026-05-15,2026-05-17,2,161,108,269,WARS,MAN,WARS,ryanair,ryanair,PLN,PLN,https://www.skyscanner.net/g/referrals/v1/flights/day-view/?origin=wars&destination=man&outboundDate=2026-05-15&inboundDate=2026-05-17&market=PL&locale=pl-PL&currency=PLN&mediaPartnerId=6439681,Warszawa-Manchester,313.5,-1.31389110080536,246.52,9.12
Warszawa,Charleroi,Belgia,Warszawa,2026-07-27,2026-08-02,6,104,178,282,WARS,CRL,WARS,ryanair,ryanair,PLN,PLN,https://www.skyscanner.net/g/referrals/v1/flights/day-view/?origin=wars&destination=crl&outboundDate=2026-07-27&inboundDate=2026-08-02&market=PL&locale=pl-PL&currency=PLN&mediaPartnerId=6439681,Warszawa-Charleroi,345.6666666666667,-1.7256120553634753,282.81,-0.29
Warszawa,Charleroi,Belgia,Warszawa,2026-05-24,2026-05-31,7,208,89,297,WARS,CRL,WARS,ryanair,ryanair,PLN,PLN,https://www.skyscanner.net/g/referrals/v1/flights/day-view/?origin=wars&destination=crl&outboundDate=2026-05-24&inboundDate=2026-05-31&market=PL&locale=pl-PL&currency=PLN&mediaPartnerId=6439681,Warszawa-Charleroi,385.4,-1.0604293386834724,298.37,-0.46
Warszawa,Charleroi,Belgia,Warszawa,2026-05-29,2026-05-31,2,212,89,301,WARS,CRL,WARS,ryanair,ryanair,PLN,PLN,https://www.skyscanner.net/g/referrals/v1/flights/day-view/?origin=wars&destination=crl&outboundDate=2026-05-29&inboundDate=2026-05-31&market=PL&locale=pl-PL&currency=PLN&mediaPartnerId=6439681,Warszawa-Charleroi,385.4,-1.0124461106887452,302.26,-0.42
Warszawa,Charleroi,Belgia,Warszawa,2026-07-31,2026-08-07,7,141,161,302,WARS,CRL,WARS,ryanair,ryanair,PLN,PLN,https://www.skyscanner.net/g/referrals/v1/flights/day-view/?origin=wars&destination=crl&outboundDate=2026-07-31&inboundDate=2026-08-07&market=PL&locale=pl-PL&currency=PLN&mediaPartnerId=6439681,Warszawa-Charleroi,345.6666666666667,-1.1835349699089805,307.69,-1.85
Warszawa,Barcelona,Hiszpania,Warszawa,2026-05-27,2026-06-02,6,269,63,332,WARS,BCN,WARS,wizzair,wizzair,PLN,EUR,https://www.skyscanner.net/g/referrals/v1/flights/day-view/?origin=wars&destination=bcn&outboundDate=2026-05-27&inboundDate=2026-06-02&market=PL&locale=pl-PL&currency=PLN&mediaPartnerId=6439681,Warszawa-Barcelona,405.030303030303,-1.599314590226359,312.84000000000003,6.12
Warszawa,Barcelona,Hiszpania,Warszawa,2026-07-26,2026-07-28,2,179,170,349,WARS,BCN,WARS,wizzair,wizzair,PLN,EUR,https://www.skyscanner.net/g/referrals/v1/flights/day-view/?origin=wars&destination=bcn&outboundDate=2026-07-26&inboundDate=2026-07-28&market=PL&locale=pl-PL&currency=PLN&mediaPartnerId=6439681,Warszawa-Barcelona,452.57142857142856,-1.064942017989639,,0.0
Warszawa,Barcelona,Hiszpania,Warszawa,2026-07-25,2026-07-28,3,179,170,349,WARS,BCN,WARS,wizzair,wizzair,PLN,EUR,https://www.skyscanner.net/g/referrals/v1/flights/day-view/?origin=wars&destination=bcn&outboundDate=2026-07-25&inboundDate=2026-07-28&market=PL&locale=pl-PL&currency=PLN&mediaPartnerId=6439681,Warszawa-Barcelona,452.57142857142856,-1.064942017989639,,0.0
Warszawa,Barcelona,Hiszpania,Warszawa,2026-07-17,2026-07-21,4,179,170,349,WARS,BCN,WARS,wizzair,wizzair,PLN,EUR,https://www.skyscanner.net/g/referrals/v1/flights/day-view/?origin=wars&destination=bcn&outboundDate=2026-07-17&inboundDate=2026-07-21&market=PL&locale=pl-PL&currency=PLN&mediaPartnerId=6439681,Warszawa-Barcelona,452.57142857142856,-1.064942017989639,,0.0
Warszawa,Barcelona,Hiszpania,Warszawa,2026-07-24,2026-07-28,4,179,170,349,WARS,BCN,WARS,wizzair,wizzair,PLN,EUR,https://www.skyscanner.net/g/referrals/v1/flights/day-view/?origin=wars&destination=bcn&outboundDate=2026-07-24&inboundDate=2026-07-28&market=PL&locale=pl-PL&currency=PLN&mediaPartnerId=6439681,Warszawa-Barcelona,452.57142857142856,-1.064942017989639,,0.0
Warszawa,Barcelona,Hiszpania,Warszawa,2026-07-22,2026-07-25,3,179,170,349,WARS,BCN,WARS,wizzair,wizzair,PLN,EUR,https://www.skyscanner.net/g/referrals/v1/flights/day-view/?origin=wars&destination=bcn&outboundDate=2026-07-22&inboundDate=2026-07-25&market=PL&locale=pl-PL&currency=PLN&mediaPartnerId=6439681,Warszawa-Barcelona,452.57142857142856,-1.064942017989639,,0.0
Warszawa,Barcelona,Hiszpania,Warszawa,2026-07-20,2026-07-25,5,179,170,349,WARS,BCN,WARS,wizzair,wizzair,PLN,EUR,https://www.skyscanner.net/g/referrals/v1/flights/day-view/?origin=wars&destination=bcn&outboundDate=2026-07-20&inboundDate=2026-07-25&market=PL&locale=pl-PL&currency=PLN&mediaPartnerId=6439681,Warszawa-Barcelona,452.57142857142856,-1.064942017989639,,0.0
Warszawa,Barcelona,Hiszpania,Warszawa,2026-07-21,2026-07-28,7,179,170,349,WARS,BCN,WARS,wizzair,wizzair,PLN,EUR,https://www.skyscanner.net/g/referrals/v1/flights/day-view/?origin=wars&destination=bcn&outboundDate=2026-07-21&inboundDate=2026-07-28&market=PL&locale=pl-PL&currency=PLN&mediaPartnerId=6439681,Warszawa-Barcelona,452.57142857142856,-1.064942017989639,,0.0
Warszawa,Barcelona,Hiszpania,Warszawa,2026-05-26,2026-05-28,2,179,170,349,WARS,BCN,WARS,wizzair,wizzair,PLN,EUR,https://www.skyscanner.net/g/referrals/v1/flights/day-view/?origin=wars&destination=bcn&outboundDate=2026-05-26&inboundDate=2026-05-28&market=PL&locale=pl-PL&currency=PLN&mediaPartnerId=6439681,Warszawa-Barcelona,405.030303030303,-1.2270260071902646,349.31,-0.09
Warszawa,Barcelona,Hiszpania,Warszawa,2026-07-22,2026-07-28,6,179,170,349,WARS,BCN,WARS,wizzair,wizzair,PLN,EUR,https://www.skyscanner.net/g/referrals/v1/flights/day-view/?origin=wars&destination=bcn&outboundDate=2026-07-22&inboundDate=2026-07-28&market=PL&locale=pl-PL&currency=PLN&mediaPartnerId=6439681,Warszawa-Barcelona,452.57142857142856,-1.064942017989639,,0.0
Warszawa,Barcelona,Hiszpania,Warszawa,2026-07-21,2026-07-25,4,179,170,349,WARS,BCN,WARS,wizzair,wizzair,PLN,EUR,https://www.skyscanner.net/g/referrals/v1/flights/day-view/?origin=wars&destination=bcn&outboundDate=2026-07-21&inboundDate=2026-07-25&market=PL&locale=pl-PL&currency=PLN&mediaPartnerId=6439681,Warszawa-Barcelona,452.57142857142856,-1.064942017989639,,0.0
Warszawa,Barcelona,Hiszpania,Warszawa,2026-07-14,2026-07-21,7,179,170,349,WARS,BCN,WARS,wizzair,wizzair,PLN,EUR,https://www.skyscanner.net/g/referrals/v1/flights/day-view/?origin=wars&destination=bcn&outboundDate=2026-07-14&inboundDate=2026-07-21&market=PL&locale=pl-PL&currency=PLN&mediaPartnerId=6439681,Warszawa-Barcelona,452.57142857142856,-1.064942017989639,,0.0
Warszawa,Barcelona,Hiszpania,Warszawa,2026-05-30,2026-06-02,3,289,63,352,WARS,BCN,WARS,wizzair,wizzair,PLN,EUR,https://www.skyscanner.net/g/referrals/v1/flights/day-view/?origin=wars&destination=bcn&outboundDate=2026-05-30&inboundDate=2026-06-02&market=PL&locale=pl-PL&currency=PLN&mediaPartnerId=6439681,Warszawa-Barcelona,405.030303030303,-1.1613280219486009,352.84000000000003,-0.24
Warszawa,Malaga,Hiszpania,Warszawa,2026-05-19,2026-05-26,7,182,170,352,WARS,AGP,WARS,ryanair,ryanair,PLN,PLN,https://www.skyscanner.net/g/referrals/v1/flights/day-view/?origin=wars&destination=agp&outboundDate=2026-05-19&inboundDate=2026-05-26&market=PL&locale=pl-PL&currency=PLN&mediaPartnerId=6439681,Warszawa-Malaga,415.25,-2.037755187807736,349.1,0.83
Warszawa,Malaga,Hiszpania,Warszawa,2026-05-12,2026-05-19,7,139,221,360,WARS,AGP,WARS,ryanair,ryanair,PLN,PLN,https://www.skyscanner.net/g/referrals/v1/flights/day-view/?origin=wars&destination=agp&outboundDate=2026-05-12&inboundDate=2026-05-19&market=PL&locale=pl-PL&currency=PLN&mediaPartnerId=6439681,Warszawa-Malaga,415.25,-1.7800154012075478,,0.0
Warszawa,Malaga,Hiszpania,Warszawa,2026-05-26,2026-06-02,7,219,144,363,WARS,AGP,WARS,wizzair,ryanair,PLN,PLN,https://www.skyscanner.net/g/referrals/v1/flights/day-view/?origin=wars&destination=agp&outboundDate=2026-05-26&inboundDate=2026-06-02&market=PL&locale=pl-PL&currency=PLN&mediaPartnerId=6439681,Warszawa-Malaga,415.25,-1.6833629812324773,363.74,-0.2
Warszawa,Malaga,Hiszpania,Warszawa,2026-05-28,2026-06-02,5,219,144,363,WARS,AGP,WARS,wizzair,ryanair,PLN,PLN,https://www.skyscanner.net/g/referrals/v1/flights/day-view/?origin=wars&destination=agp&outboundDate=2026-05-28&inboundDate=2026-06-02&market=PL&locale=pl-PL&currency=PLN&mediaPartnerId=6439681,Warszawa-Malaga,415.25,-1.6833629812324773,363.74,-0.2
Warszawa,Malaga,Hiszpania,Warszawa,2026-06-13,2026-06-16,3,188,182,370,WARS,AGP,WARS,ryanair,ryanair,PLN,PLN,https://www.skyscanner.net/g/referrals/v1/flights/day-view/?origin=wars&destination=agp&outboundDate=2026-06-13&inboundDate=2026-06-16&market=PL&locale=pl-PL&currency=PLN&mediaPartnerId=6439681,Warszawa-Malaga,475.7105263157895,-1.7099097024741834,371.74,-0.47
Warszawa,Malaga,Hiszpania,Warszawa,2026-05-16,2026-05-20,4,164,212,376,WARS,AGP,WARS,ryanair,wizzair,PLN,EUR,https://www.skyscanner.net/g/referrals/v1/flights/day-view/?origin=wars&destination=agp&outboundDate=2026-05-16&inboundDate=2026-05-20&market=PL&locale=pl-PL&currency=PLN&mediaPartnerId=6439681,Warszawa-Malaga,415.25,-1.264535828007172,377.53,-0.41
Warszawa,Alicante,Hiszpania,Warszawa,2026-05-16,2026-05-21,5,164,212,376,WARS,ALC,WARS,ryanair,wizzair,PLN,EUR,https://www.skyscanner.net/g/referrals/v1/flights/day-view/?origin=wars&destination=alc&outboundDate=2026-05-16&inboundDate=2026-05-21&market=PL&locale=pl-PL&currency=PLN&mediaPartnerId=6439681,Warszawa-Alicante,430.7567567567568,-2.859273948188539,377.53,-0.41
Warszawa,Malaga,Hiszpania,Warszawa,2026-05-16,2026-05-21,5,164,212,376,WARS,AGP,WARS,ryanair,wizzair,PLN,EUR,https://www.skyscanner.net/g/referrals/v1/flights/day-view/?origin=wars&destination=agp&outboundDate=2026-05-16&inboundDate=2026-05-21&market=PL&locale=pl-PL&currency=PLN&mediaPartnerId=6439681,Warszawa-Malaga,415.25,-1.264535828007172,377.53,-0.41
Warszawa,Malaga,Hiszpania,Warszawa,2026-05-17,2026-05-20,3,165,212,377,WARS,AGP,WARS,ryanair,wizzair,PLN,EUR,https://www.skyscanner.net/g/referrals/v1/flights/day-view/?origin=wars&destination=agp&outboundDate=2026-05-17&inboundDate=2026-05-20&market=PL&locale=pl-PL&currency=PLN&mediaPartnerId=6439681,Warszawa-Malaga,415.25,-1.2323183546821483,383.18,-1.61
Warszawa,Malaga,Hiszpania,Warszawa,2026-05-17,2026-05-21,4,165,212,377,WARS,AGP,WARS,ryanair,wizzair,PLN,EUR,https://www.skyscanner.net/g/referrals/v1/flights/day-view/?origin=wars&destination=agp&outboundDate=2026-05-17&inboundDate=2026-05-21&market=PL&locale=pl-PL&currency=PLN&mediaPartnerId=6439681,Warszawa-Malaga,415.25,-1.2323183546821483,383.18,-1.61
Warszawa,Malaga,Hiszpania,Warszawa,2026-06-02,2026-06-04,2,219,165,384,WARS,AGP,WARS,wizzair,ryanair,PLN,PLN,https://www.skyscanner.net/g/referrals/v1/flights/day-view/?origin=wars&destination=agp&outboundDate=2026-06-02&inboundDate=2026-06-04&market=PL&locale=pl-PL&currency=PLN&mediaPartnerId=6439681,Warszawa-Malaga,475.7105263157895,-1.4834541481509906,385.04,-0.27
Warszawa,Malaga,Hiszpania,Warszawa,2026-05-28,2026-06-04,7,219,165,384,WARS,AGP,WARS,wizzair,ryanair,PLN,PLN,https://www.skyscanner.net/g/referrals/v1/flights/day-view/?origin=wars&destination=agp&outboundDate=2026-05-28&inboundDate=2026-06-04&market=PL&locale=pl-PL&currency=PLN&mediaPartnerId=6439681,Warszawa-Malaga,415.25,-1.006796041406984,,0.0
Warszawa,Alicante,Hiszpania,Warszawa,2026-05-12,2026-05-16,4,167,221,388,WARS,ALC,WARS,ryanair,ryanair,PLN,PLN,https://www.skyscanner.net/g/referrals/v1/flights/day-view/?origin=wars&destination=alc&outboundDate=2026-05-12&inboundDate=2026-05-16&market=PL&locale=pl-PL&currency=PLN&mediaPartnerId=6439681,Warszawa-Alicante,430.7567567567568,-2.232661098733598,,0.0
Warszawa,Alicante,Hiszpania,Warszawa,2026-05-16,2026-05-23,7,164,233,397,WARS,ALC,WARS,ryanair,ryanair,PLN,PLN,https://www.skyscanner.net/g/referrals/v1/flights/day-view/?origin=wars&destination=alc&outboundDate=2026-05-16&inboundDate=2026-05-23&market=PL&locale=pl-PL&currency=PLN&mediaPartnerId=6439681,Warszawa-Alicante,430.7567567567568,-1.762701461642392,403.07,-1.51
Warszawa,Alicante,Hiszpania,Warszawa,2026-05-18,2026-05-21,3,188,212,400,WARS,ALC,WARS,ryanair,wizzair,PLN,EUR,https://www.skyscanner.net/g/referrals/v1/flights/day-view/?origin=wars&destination=alc&outboundDate=2026-05-18&inboundDate=2026-05-21&market=PL&locale=pl-PL&currency=PLN&mediaPartnerId=6439681,Warszawa-Alicante,430.7567567567568,-1.6060482492786565,401.56,-0.39
Warszawa,Alicante,Hiszpania,Warszawa,2026-06-13,2026-06-18,5,188,212,400,WARS,ALC,WARS,ryanair,wizzair,PLN,EUR,https://www.skyscanner.net/g/referrals/v1/flights/day-view/?origin=wars&destination=alc&outboundDate=2026-06-13&inboundDate=2026-06-18&market=PL&locale=pl-PL&currency=PLN&mediaPartnerId=6439681,Warszawa-Alicante,449.74285714285713,-1.2161090035128466,401.56,-0.39
Warszawa,Malaga,Hiszpania,Warszawa,2026-06-11,2026-06-16,5,219,182,401,WARS,AGP,WARS,wizzair,ryanair,PLN,PLN,https://www.skyscanner.net/g/referrals/v1/flights/day-view/?origin=wars&destination=agp&outboundDate=2026-06-11&inboundDate=2026-06-16&market=PL&locale=pl-PL&currency=PLN&mediaPartnerId=6439681,Warszawa-Malaga,475.7105263157895,-1.208472403615685,402.07,-0.27
Warszawa,Malaga,Hiszpania,Warszawa,2026-06-09,2026-06-16,7,219,182,401,WARS,AGP,WARS,wizzair,ryanair,PLN,PLN,https://www.skyscanner.net/g/referrals/v1/flights/day-view/?origin=wars&destination=agp&outboundDate=2026-06-09&inboundDate=2026-06-16&market=PL&locale=pl-PL&currency=PLN&mediaPartnerId=6439681,Warszawa-Malaga,475.7105263157895,-1.208472403615685,402.07,-0.27
Warszawa,Alicante,Hiszpania,Warszawa,2026-05-16,2026-05-20,4,164,238,402,WARS,ALC,WARS,ryanair,wizzair,PLN,EUR,https://www.skyscanner.net/g/referrals/v1/flights/day-view/?origin=wars&destination=alc&outboundDate=2026-05-16&inboundDate=2026-05-20&market=PL&locale=pl-PL&currency=PLN&mediaPartnerId=6439681,Warszawa-Alicante,430.7567567567568,-1.5016127743694998,403.08,-0.27
Warszawa,Manchester,Wielka Brytania,Warszawa,2026-08-10,2026-08-17,7,280,167,447,WARS,MAN,WARS,ryanair,ryanair,PLN,PLN,https://www.skyscanner.net/g/referrals/v1/flights/day-view/?origin=wars&destination=man&outboundDate=2026-08-10&inboundDate=2026-08-17&market=PL&locale=pl-PL&currency=PLN&mediaPartnerId=6439681,Warszawa-Manchester,569.2857142857143,-1.7275558472459234,452.97,-1.32
Warszawa,Alicante,Hiszpania,Warszawa,2026-07-10,2026-07-12,2,179,298,477,WARS,ALC,WARS,wizzair,wizzair,PLN,EUR,https://www.skyscanner.net/g/referrals/v1/flights/day-view/?origin=wars&destination=alc&outboundDate=2026-07-10&inboundDate=2026-07-12&market=PL&locale=pl-PL&currency=PLN&mediaPartnerId=6439681,Warszawa-Alicante,558.8181818181819,-1.4350495627120916,,0.0
Warszawa,Malaga,Hiszpania,Warszawa,2026-07-25,2026-07-28,3,171,322,493,WARS,AGP,WARS,ryanair,ryanair,PLN,PLN,https://www.skyscanner.net/g/referrals/v1/flights/day-view/?origin=wars&destination=agp&outboundDate=2026-07-25&inboundDate=2026-07-28&market=PL&locale=pl-PL&currency=PLN&mediaPartnerId=6439681,Warszawa-Malaga,583.1470588235294,-1.7306685276842304,493.58,-0.12
Warszawa,Malaga,Hiszpania,Warszawa,2026-07-11,2026-07-16,5,196,298,494,WARS,AGP,WARS,ryanair,wizzair,PLN,EUR,https://www.skyscanner.net/g/referrals/v1/flights/day-view/?origin=wars&destination=agp&outboundDate=2026-07-11&inboundDate=2026-07-16&market=PL&locale=pl-PL&currency=PLN&mediaPartnerId=6439681,Warszawa-Malaga,583.1470588235294,-1.711470247116118,494.41,-0.08
Warszawa,Alicante,Hiszpania,Warszawa,2026-07-23,2026-07-25,2,159,340,499,WARS,ALC,WARS,wizzair,wizzair,PLN,EUR,https://www.skyscanner.net/g/referrals/v1/flights/day-view/?origin=wars&destination=alc&outboundDate=2026-07-23&inboundDate=2026-07-25&market=PL&locale=pl-PL&currency=PLN&mediaPartnerId=6439681,Warszawa-Alicante,558.8181818181819,-1.0491806802939516,,0.0
Warszawa,Malaga,Hiszpania,Warszawa,2026-08-01,2026-08-06,5,171,344,515,WARS,AGP,WARS,ryanair,ryanair,PLN,PLN,https://www.skyscanner.net/g/referrals/v1/flights/day-view/?origin=wars&destination=agp&outboundDate=2026-08-01&inboundDate=2026-08-06&market=PL&locale=pl-PL&currency=PLN&mediaPartnerId=6439681,Warszawa-Malaga,646.1071428571429,-2.8813744136617103,520.26,-1.01
Warszawa,Barcelona,Hiszpania,Warszawa,2026-08-12,2026-08-19,7,219,298,517,WARS,BCN,WARS,wizzair,wizzair,PLN,EUR,https://www.skyscanner.net/g/referrals/v1/flights/day-view/?origin=wars&destination=bcn&outboundDate=2026-08-12&inboundDate=2026-08-19&market=PL&locale=pl-PL&currency=PLN&mediaPartnerId=6439681,Warszawa-Barcelona,569.6111111111111,-1.992680492630588,,0.0
Warszawa,Malaga,Hiszpania,Warszawa,2026-07-02,2026-07-05,3,219,298,517,WARS,AGP,WARS,wizzair,wizzair,PLN,EUR,https://www.skyscanner.net/g/referrals/v1/flights/day-view/?origin=wars&destination=agp&outboundDate=2026-07-02&inboundDate=2026-07-05&market=PL&locale=pl-PL&currency=PLN&mediaPartnerId=6439681,Warszawa-Malaga,583.1470588235294,-1.2699097940495379,,0.0
Warszawa,Malaga,Hiszpania,Warszawa,2026-07-10,2026-07-16,6,219,298,517,WARS,AGP,WARS,wizzair,wizzair,PLN,EUR,https://www.skyscanner.net/g/referrals/v1/flights/day-view/?origin=wars&destination=agp&outboundDate=2026-07-10&inboundDate=2026-07-16&market=PL&locale=pl-PL&currency=PLN&mediaPartnerId=6439681,Warszawa-Malaga,583.1470588235294,-1.2699097940495379,517.0699999999999,-0.01
Warszawa,Leeds,Wielka Brytania,Warszawa,2026-08-13,2026-08-20,7,323,196,519,WARS,LBA,WARS,ryanair,ryanair,PLN,PLN,https://www.skyscanner.net/g/referrals/v1/flights/day-view/?origin=wars&destination=lba&outboundDate=2026-08-13&inboundDate=2026-08-20&market=PL&locale=pl-PL&currency=PLN&mediaPartnerId=6439681,Warszawa-Leeds,571.2857142857143,-1.9532296195493521,520.13,-0.22
Warszawa,Barcelona,Hiszpania,Warszawa,2026-08-02,2026-08-04,2,179,340,519,WARS,BCN,WARS,wizzair,wizzair,PLN,EUR,https://www.skyscanner.net/g/referrals/v1/flights/day-view/?origin=wars&destination=bcn&outboundDate=2026-08-02&inboundDate=2026-08-04&market=PL&locale=pl-PL&currency=PLN&mediaPartnerId=6439681,Warszawa-Barcelona,569.6111111111111,-1.9169291750649058,519.65,-0.13
Warszawa,Barcelona,Hiszpania,Warszawa,2026-08-02,2026-08-06,4,179,340,519,WARS,BCN,WARS,wizzair,wizzair,PLN,EUR,https://www.skyscanner.net/g/referrals/v1/flights/day-view/?origin=wars&destination=bcn&outboundDate=2026-08-02&inboundDate=2026-08-06&market=PL&locale=pl-PL&currency=PLN&mediaPartnerId=6439681,Warszawa-Barcelona,569.6111111111111,-1.9169291750649058,519.65,-0.13
Warszawa,Malaga,Hiszpania,Warszawa,2026-08-01,2026-08-04,3,171,387,558,WARS,AGP,WARS,ryanair,ryanair,PLN,PLN,https://www.skyscanner.net/g/referrals/v1/flights/day-view/?origin=wars&destination=agp&outboundDate=2026-08-01&inboundDate=2026-08-04&market=PL&locale=pl-PL&currency=PLN&mediaPartnerId=6439681,Warszawa-Malaga,646.1071428571429,-1.936352677336813,558.58,-0.1
Warszawa,Malaga,Hiszpania,Warszawa,2026-08-29,2026-08-31,2,204,374,578,WARS,AGP,WARS,ryanair,ryanair,PLN,PLN,https://www.skyscanner.net/g/referrals/v1/flights/day-view/?origin=wars&destination=agp&outboundDate=2026-08-29&inboundDate=2026-08-31&market=PL&locale=pl-PL&currency=PLN&mediaPartnerId=6439681,Warszawa-Malaga,646.1071428571429,-1.4968076836973259,578.7,-0.12
Warszawa,Alicante,Hiszpania,Warszawa,2026-08-06,2026-08-11,5,239,340,579,WARS,ALC,WARS,ryanair,wizzair,PLN,EUR,https://www.skyscanner.net/g/referrals/v1/flights/day-view/?origin=wars&destination=alc&outboundDate=2026-08-06&inboundDate=2026-08-11&market=PL&locale=pl-PL&currency=PLN&mediaPartnerId=6439681,Warszawa-Alicante,656.5217391304348,-2.297749096778867,579.8399999999999,-0.14
Warszawa,Alicante,Hiszpania,Warszawa,2026-08-06,2026-08-12,6,239,340,579,WARS,ALC,WARS,ryanair,wizzair,PLN,EUR,https://www.skyscanner.net/g/referrals/v1/flights/day-view/?origin=wars&destination=alc&outboundDate=2026-08-06&inboundDate=2026-08-12&market=PL&locale=pl-PL&currency=PLN&mediaPartnerId=6439681,Warszawa-Alicante,656.5217391304348,-2.297749096778867,579.8399999999999,-0.14
Warszawa,Malaga,Hiszpania,Warszawa,2026-08-08,2026-08-11,3,204,378,582,WARS,AGP,WARS,ryanair,ryanair,PLN,PLN,https://www.skyscanner.net/g/referrals/v1/flights/day-view/?origin=wars&destination=agp&outboundDate=2026-08-08&inboundDate=2026-08-11&market=PL&locale=pl-PL&currency=PLN&mediaPartnerId=6439681,Warszawa-Malaga,646.1071428571429,-1.4088986849694283,582.96,-0.16
Warszawa,Alicante,Hiszpania,Warszawa,2026-08-08,2026-08-12,4,282,340,622,WARS,ALC,WARS,ryanair,wizzair,PLN,EUR,https://www.skyscanner.net/g/referrals/v1/flights/day-view/?origin=wars&destination=alc&outboundDate=2026-08-08&inboundDate=2026-08-12&market=PL&locale=pl-PL&currency=PLN&mediaPartnerId=6439681,Warszawa-Alicante,656.5217391304348,-1.0232264626149297,,0.0
Warszawa,Alicante,Hiszpania,Warszawa,2026-08-08,2026-08-11,3,282,340,622,WARS,ALC,WARS,ryanair,wizzair,PLN,EUR,https://www.skyscanner.net/g/referrals/v1/flights/day-view/?origin=wars&destination=alc&outboundDate=2026-08-08&inboundDate=2026-08-11&market=PL&locale=pl-PL&currency=PLN&mediaPartnerId=6439681,Warszawa-Alicante,656.5217391304348,-1.0232264626149297,,0.0
