origin,destination,route,scraped_at_utc
WAW,AGA,WAW-AGA,2026-04-30T21:41:33Z
WAW,AGP,WAW-AGP,2026-04-30T21:41:33Z
WAW,ALC,WAW-ALC,2026-04-30T21:41:33Z
WAW,BBU,WAW-BBU,2026-04-30T21:41:33Z
WAW,BCN,WAW-BCN,2026-04-30T21:41:33Z
WAW,BGY,WAW-BGY,2026-04-30T21:41:33Z
WAW,BIO,WAW-BIO,2026-04-30T21:41:33Z
WAW,BLQ,WAW-BLQ,2026-04-30T21:41:33Z
WAW,BOJ,WAW-BOJ,2026-04-30T21:41:33Z
WAW,BRI,WAW-BRI,2026-04-30T21:41:33Z
WAW,BSL,WAW-BSL,2026-04-30T21:41:33Z
WAW,BTS,WAW-BTS,2026-04-30T21:41:33Z
WAW,BUD,WAW-BUD,2026-04-30T21:41:33Z
WAW,CFU,WAW-CFU,2026-04-30T21:41:33Z
WAW,CHQ,WAW-CHQ,2026-04-30T21:41:33Z
WAW,CIA,WAW-CIA,2026-04-30T21:41:33Z
WAW,CPH,WAW-CPH,2026-04-30T21:41:33Z
WAW,CRL,WAW-CRL,2026-04-30T21:41:33Z
WAW,CTA,WAW-CTA,2026-04-30T21:41:33Z
WAW,DBV,WAW-DBV,2026-04-30T21:41:33Z
WAW,DTM,WAW-DTM,2026-04-30T21:41:33Z
WAW,EIN,WAW-EIN,2026-04-30T21:41:33Z
WAW,FAO,WAW-FAO,2026-04-30T21:41:33Z
WAW,FCO,WAW-FCO,2026-04-30T21:41:33Z
WAW,FNC,WAW-FNC,2026-04-30T21:41:33Z
WAW,FUE,WAW-FUE,2026-04-30T21:41:33Z
WAW,GHV,WAW-GHV,2026-04-30T21:41:33Z
WAW,GNB,WAW-GNB,2026-04-30T21:41:33Z
WAW,GOA,WAW-GOA,2026-04-30T21:41:33Z
WAW,HER,WAW-HER,2026-04-30T21:41:33Z
WAW,JTR,WAW-JTR,2026-04-30T21:41:33Z
WAW,KEF,WAW-KEF,2026-04-30T21:41:33Z
WAW,KUT,WAW-KUT,2026-04-30T21:41:33Z
WAW,LBA,WAW-LBA,2026-04-30T21:41:33Z
WAW,LCA,WAW-LCA,2026-04-30T21:41:33Z
WAW,LIS,WAW-LIS,2026-04-30T21:41:33Z
WAW,LON,WAW-LON,2026-04-30T21:41:33Z
WAW,LPL,WAW-LPL,2026-04-30T21:41:33Z
WAW,LTN,WAW-LTN,2026-04-30T21:41:33Z
WAW,MAD,WAW-MAD,2026-04-30T21:41:33Z
WAW,MAH,WAW-MAH,2026-04-30T21:41:33Z
WAW,MIL,WAW-MIL,2026-04-30T21:41:33Z
WAW,MLA,WAW-MLA,2026-04-30T21:41:33Z
WAW,MXP,WAW-MXP,2026-04-30T21:41:33Z
WAW,NAP,WAW-NAP,2026-04-30T21:41:33Z
WAW,NCE,WAW-NCE,2026-04-30T21:41:33Z
WAW,NYO,WAW-NYO,2026-04-30T21:41:33Z
WAW,OLB,WAW-OLB,2026-04-30T21:41:33Z
WAW,OOS,WAW-OOS,2026-04-30T21:41:33Z
WAW,OPO,WAW-OPO,2026-04-30T21:41:33Z
WAW,ORY,WAW-ORY,2026-04-30T21:41:33Z
WAW,OTP,WAW-OTP,2026-04-30T21:41:33Z
WAW,PAR,WAW-PAR,2026-04-30T21:41:33Z
WAW,PMI,WAW-PMI,2026-04-30T21:41:33Z
WAW,PSA,WAW-PSA,2026-04-30T21:41:33Z
WAW,RAK,WAW-RAK,2026-04-30T21:41:33Z
WAW,RHO,WAW-RHO,2026-04-30T21:41:33Z
WAW,ROM,WAW-ROM,2026-04-30T21:41:33Z
WAW,SOF,WAW-SOF,2026-04-30T21:41:33Z
WAW,SPU,WAW-SPU,2026-04-30T21:41:33Z
WAW,STO,WAW-STO,2026-04-30T21:41:33Z
WAW,SUF,WAW-SUF,2026-04-30T21:41:33Z
WAW,SVQ,WAW-SVQ,2026-04-30T21:41:33Z
WAW,TFS,WAW-TFS,2026-04-30T21:41:33Z
WAW,TGD,WAW-TGD,2026-04-30T21:41:33Z
WAW,TIA,WAW-TIA,2026-04-30T21:41:33Z
WAW,TLL,WAW-TLL,2026-04-30T21:41:33Z
WAW,TLV,WAW-TLV,2026-04-30T21:41:33Z
WAW,TRF,WAW-TRF,2026-04-30T21:41:33Z
WAW,TRN,WAW-TRN,2026-04-30T21:41:33Z
WAW,VCE,WAW-VCE,2026-04-30T21:41:33Z
WAW,VEN,WAW-VEN,2026-04-30T21:41:33Z
WAW,VLC,WAW-VLC,2026-04-30T21:41:33Z
WAW,VRN,WAW-VRN,2026-04-30T21:41:33Z
WAW,ZAD,WAW-ZAD,2026-04-30T21:41:33Z
WAW,ZTH,WAW-ZTH,2026-04-30T21:41:33Z
WMI,AHO,WMI-AHO,2026-04-30T21:41:33Z
WMI,ATH,WMI-ATH,2026-04-30T21:41:33Z
WMI,BCN,WMI-BCN,2026-04-30T21:41:33Z
WMI,BDS,WMI-BDS,2026-04-30T21:41:33Z
WMI,BGO,WMI-BGO,2026-04-30T21:41:33Z
WMI,BGY,WMI-BGY,2026-04-30T21:41:33Z
WMI,BSL,WMI-BSL,2026-04-30T21:41:33Z
WMI,MIL,WMI-MIL,2026-04-30T21:41:33Z
WMI,MLA,WMI-MLA,2026-04-30T21:41:33Z
WMI,PFO,WMI-PFO,2026-04-30T21:41:33Z
WMI,PMO,WMI-PMO,2026-04-30T21:41:33Z
WMI,RMI,WMI-RMI,2026-04-30T21:41:33Z
WMI,RMO,WMI-RMO,2026-04-30T21:41:33Z
WMI,SOF,WMI-SOF,2026-04-30T21:41:33Z
WMI,STR,WMI-STR,2026-04-30T21:41:33Z
WMI,VAR,WMI-VAR,2026-04-30T21:41:33Z
WRO,AGP,WRO-AGP,2026-04-30T21:41:33Z
WRO,BBU,WRO-BBU,2026-04-30T21:41:33Z
WRO,BCN,WRO-BCN,2026-04-30T21:41:33Z
WRO,BRI,WRO-BRI,2026-04-30T21:41:33Z
WRO,BSL,WRO-BSL,2026-04-30T21:41:33Z
WRO,BUD,WRO-BUD,2026-04-30T21:41:33Z
WRO,CTA,WRO-CTA,2026-04-30T21:41:33Z
WRO,DTM,WRO-DTM,2026-04-30T21:41:33Z
WRO,EIN,WRO-EIN,2026-04-30T21:41:33Z
WRO,FKB,WRO-FKB,2026-04-30T21:41:33Z
WRO,KEF,WRO-KEF,2026-04-30T21:41:33Z
WRO,KUT,WRO-KUT,2026-04-30T21:41:33Z
WRO,LCA,WRO-LCA,2026-04-30T21:41:33Z
WRO,LON,WRO-LON,2026-04-30T21:41:33Z
WRO,LPA,WRO-LPA,2026-04-30T21:41:33Z
WRO,LTN,WRO-LTN,2026-04-30T21:41:33Z
WRO,MAD,WRO-MAD,2026-04-30T21:41:33Z
WRO,NCE,WRO-NCE,2026-04-30T21:41:33Z
WRO,OHD,WRO-OHD,2026-04-30T21:41:33Z
WRO,OTP,WRO-OTP,2026-04-30T21:41:33Z
WRO,RMO,WRO-RMO,2026-04-30T21:41:33Z
WRO,SPU,WRO-SPU,2026-04-30T21:41:33Z
WRO,TGD,WRO-TGD,2026-04-30T21:41:33Z
WRO,TIA,WRO-TIA,2026-04-30T21:41:33Z
WRO,VAR,WRO-VAR,2026-04-30T21:41:33Z
GDN,ABZ,GDN-ABZ,2026-04-30T21:41:33Z
GDN,AES,GDN-AES,2026-04-30T21:41:33Z
GDN,AGP,GDN-AGP,2026-04-30T21:41:33Z
GDN,ALC,GDN-ALC,2026-04-30T21:41:33Z
GDN,ARN,GDN-ARN,2026-04-30T21:41:33Z
GDN,ATH,GDN-ATH,2026-04-30T21:41:33Z
GDN,BCN,GDN-BCN,2026-04-30T21:41:33Z
GDN,BGO,GDN-BGO,2026-04-30T21:41:33Z
GDN,BLL,GDN-BLL,2026-04-30T21:41:33Z
GDN,BOJ,GDN-BOJ,2026-04-30T21:41:33Z
GDN,BUD,GDN-BUD,2026-04-30T21:41:33Z
GDN,CIA,GDN-CIA,2026-04-30T21:41:33Z
GDN,CPH,GDN-CPH,2026-04-30T21:41:33Z
GDN,CTA,GDN-CTA,2026-04-30T21:41:33Z
GDN,DBV,GDN-DBV,2026-04-30T21:41:33Z
GDN,DTM,GDN-DTM,2026-04-30T21:41:33Z
GDN,EIN,GDN-EIN,2026-04-30T21:41:33Z
GDN,FCO,GDN-FCO,2026-04-30T21:41:33Z
GDN,FNC,GDN-FNC,2026-04-30T21:41:33Z
GDN,GOT,GDN-GOT,2026-04-30T21:41:33Z
GDN,HAM,GDN-HAM,2026-04-30T21:41:33Z
GDN,HAU,GDN-HAU,2026-04-30T21:41:33Z
GDN,HER,GDN-HER,2026-04-30T21:41:33Z
GDN,KEF,GDN-KEF,2026-04-30T21:41:33Z
GDN,LCA,GDN-LCA,2026-04-30T21:41:33Z
GDN,LON,GDN-LON,2026-04-30T21:41:33Z
GDN,LPL,GDN-LPL,2026-04-30T21:41:33Z
GDN,LTN,GDN-LTN,2026-04-30T21:41:33Z
GDN,MAD,GDN-MAD,2026-04-30T21:41:33Z
GDN,MIL,GDN-MIL,2026-04-30T21:41:33Z
GDN,MXP,GDN-MXP,2026-04-30T21:41:33Z
GDN,NCE,GDN-NCE,2026-04-30T21:41:33Z
GDN,OOS,GDN-OOS,2026-04-30T21:41:33Z
GDN,OSL,GDN-OSL,2026-04-30T21:41:33Z
GDN,OTP,GDN-OTP,2026-04-30T21:41:33Z
GDN,PMI,GDN-PMI,2026-04-30T21:41:33Z
GDN,RJK,GDN-RJK,2026-04-30T21:41:33Z
GDN,ROM,GDN-ROM,2026-04-30T21:41:33Z
GDN,SPU,GDN-SPU,2026-04-30T21:41:33Z
GDN,STO,GDN-STO,2026-04-30T21:41:33Z
GDN,SVG,GDN-SVG,2026-04-30T21:41:33Z
GDN,TAT,GDN-TAT,2026-04-30T21:41:33Z
GDN,TFS,GDN-TFS,2026-04-30T21:41:33Z
GDN,TGD,GDN-TGD,2026-04-30T21:41:33Z
GDN,TIA,GDN-TIA,2026-04-30T21:41:33Z
GDN,TKU,GDN-TKU,2026-04-30T21:41:33Z
GDN,TLL,GDN-TLL,2026-04-30T21:41:33Z
GDN,TOS,GDN-TOS,2026-04-30T21:41:33Z
GDN,TRD,GDN-TRD,2026-04-30T21:41:33Z
GDN,VAR,GDN-VAR,2026-04-30T21:41:33Z
GDN,VNO,GDN-VNO,2026-04-30T21:41:33Z
GDN,VRN,GDN-VRN,2026-04-30T21:41:33Z
POZ,BSL,POZ-BSL,2026-04-30T21:41:33Z
POZ,KUT,POZ-KUT,2026-04-30T21:41:33Z
POZ,LON,POZ-LON,2026-04-30T21:41:33Z
POZ,LTN,POZ-LTN,2026-04-30T21:41:33Z
POZ,TGD,POZ-TGD,2026-04-30T21:41:33Z
POZ,TIA,POZ-TIA,2026-04-30T21:41:33Z
KTW,AGA,KTW-AGA,2026-04-30T21:41:33Z
KTW,AGP,KTW-AGP,2026-04-30T21:41:33Z
KTW,ALC,KTW-ALC,2026-04-30T21:41:33Z
KTW,ATH,KTW-ATH,2026-04-30T21:41:33Z
KTW,AUH,KTW-AUH,2026-04-30T21:41:33Z
KTW,BCN,KTW-BCN,2026-04-30T21:41:33Z
KTW,BDS,KTW-BDS,2026-04-30T21:41:33Z
KTW,BLL,KTW-BLL,2026-04-30T21:41:33Z
KTW,BOJ,KTW-BOJ,2026-04-30T21:41:33Z
KTW,CFU,KTW-CFU,2026-04-30T21:41:33Z
KTW,CIA,KTW-CIA,2026-04-30T21:41:33Z
KTW,CIY,KTW-CIY,2026-04-30T21:41:33Z
KTW,CTA,KTW-CTA,2026-04-30T21:41:33Z
KTW,DBV,KTW-DBV,2026-04-30T21:41:33Z
KTW,DTM,KTW-DTM,2026-04-30T21:41:33Z
KTW,EIN,KTW-EIN,2026-04-30T21:41:33Z
KTW,FAO,KTW-FAO,2026-04-30T21:41:33Z
KTW,FCO,KTW-FCO,2026-04-30T21:41:33Z
KTW,FNC,KTW-FNC,2026-04-30T21:41:33Z
KTW,FUE,KTW-FUE,2026-04-30T21:41:33Z
KTW,GHV,KTW-GHV,2026-04-30T21:41:33Z
KTW,KEF,KTW-KEF,2026-04-30T21:41:33Z
KTW,KUT,KTW-KUT,2026-04-30T21:41:33Z
KTW,LCA,KTW-LCA,2026-04-30T21:41:33Z
KTW,LON,KTW-LON,2026-04-30T21:41:33Z
KTW,LTN,KTW-LTN,2026-04-30T21:41:33Z
KTW,MAD,KTW-MAD,2026-04-30T21:41:33Z
KTW,MLA,KTW-MLA,2026-04-30T21:41:33Z
KTW,MST,KTW-MST,2026-04-30T21:41:33Z
KTW,NAP,KTW-NAP,2026-04-30T21:41:33Z
KTW,OHD,KTW-OHD,2026-04-30T21:41:33Z
KTW,OPO,KTW-OPO,2026-04-30T21:41:33Z
KTW,PSA,KTW-PSA,2026-04-30T21:41:33Z
KTW,RJK,KTW-RJK,2026-04-30T21:41:33Z
KTW,RMI,KTW-RMI,2026-04-30T21:41:33Z
KTW,ROM,KTW-ROM,2026-04-30T21:41:33Z
KTW,SPU,KTW-SPU,2026-04-30T21:41:33Z
KTW,SUF,KTW-SUF,2026-04-30T21:41:33Z
KTW,TFS,KTW-TFS,2026-04-30T21:41:33Z
KTW,TGD,KTW-TGD,2026-04-30T21:41:33Z
KTW,TIA,KTW-TIA,2026-04-30T21:41:33Z
KTW,VAR,KTW-VAR,2026-04-30T21:41:33Z
KRK,AGP,KRK-AGP,2026-04-30T21:41:33Z
KRK,AUH,KRK-AUH,2026-04-30T21:41:33Z
KRK,BBU,KRK-BBU,2026-04-30T21:41:33Z
KRK,BCN,KRK-BCN,2026-04-30T21:41:33Z
KRK,BGO,KRK-BGO,2026-04-30T21:41:33Z
KRK,BIO,KRK-BIO,2026-04-30T21:41:33Z
KRK,BSL,KRK-BSL,2026-04-30T21:41:33Z
KRK,BUD,KRK-BUD,2026-04-30T21:41:33Z
KRK,CIA,KRK-CIA,2026-04-30T21:41:33Z
KRK,EIN,KRK-EIN,2026-04-30T21:41:33Z
KRK,FCO,KRK-FCO,2026-04-30T21:41:33Z
KRK,GOA,KRK-GOA,2026-04-30T21:41:33Z
KRK,HER,KRK-HER,2026-04-30T21:41:33Z
KRK,LCA,KRK-LCA,2026-04-30T21:41:33Z
KRK,LGW,KRK-LGW,2026-04-30T21:41:33Z
KRK,LON,KRK-LON,2026-04-30T21:41:33Z
KRK,LTN,KRK-LTN,2026-04-30T21:41:33Z
KRK,LYS,KRK-LYS,2026-04-30T21:41:33Z
KRK,MIL,KRK-MIL,2026-04-30T21:41:33Z
KRK,MXP,KRK-MXP,2026-04-30T21:41:33Z
KRK,NCE,KRK-NCE,2026-04-30T21:41:33Z
KRK,OOS,KRK-OOS,2026-04-30T21:41:33Z
KRK,OSL,KRK-OSL,2026-04-30T21:41:33Z
KRK,OTP,KRK-OTP,2026-04-30T21:41:33Z
KRK,RHO,KRK-RHO,2026-04-30T21:41:33Z
KRK,ROM,KRK-ROM,2026-04-30T21:41:33Z
KRK,SOF,KRK-SOF,2026-04-30T21:41:33Z
KRK,SPU,KRK-SPU,2026-04-30T21:41:33Z
KRK,STR,KRK-STR,2026-04-30T21:41:33Z
KRK,SVG,KRK-SVG,2026-04-30T21:41:33Z
KRK,TIA,KRK-TIA,2026-04-30T21:41:33Z
KRK,TLL,KRK-TLL,2026-04-30T21:41:33Z
KRK,TLV,KRK-TLV,2026-04-30T21:41:33Z
KRK,VCE,KRK-VCE,2026-04-30T21:41:33Z
KRK,VEN,KRK-VEN,2026-04-30T21:41:33Z
KRK,VLC,KRK-VLC,2026-04-30T21:41:33Z
KRK,VNO,KRK-VNO,2026-04-30T21:41:33Z
KRK,VRN,KRK-VRN,2026-04-30T21:41:33Z
