route,origin,destination,month,direction,day,date,pricePLN,month_status,exported_at_utc
WAW-RHO,WAW,RHO,2026-07,outbound,1,2026-07-01,79,ok,2026-04-30T12:35:36Z
WAW-RHO,WAW,RHO,2026-07,outbound,2,2026-07-02,89,ok,2026-04-30T12:35:36Z
WAW-RHO,WAW,RHO,2026-07,outbound,4,2026-07-04,89,ok,2026-04-30T12:35:36Z
WAW-RHO,WAW,RHO,2026-07,outbound,6,2026-07-06,289,ok,2026-04-30T12:35:36Z
WAW-RHO,WAW,RHO,2026-07,outbound,13,2026-07-13,179,ok,2026-04-30T12:35:36Z
WAW-RHO,WAW,RHO,2026-07,outbound,20,2026-07-20,489,ok,2026-04-30T12:35:36Z
WAW-RHO,WAW,RHO,2026-07,outbound,27,2026-07-27,179,ok,2026-04-30T12:35:36Z
WAW-RHO,WAW,RHO,2026-07,return,1,2026-07-01,79,ok,2026-04-30T12:35:36Z
WAW-RHO,WAW,RHO,2026-07,return,2,2026-07-02,179,ok,2026-04-30T12:35:36Z
WAW-RHO,WAW,RHO,2026-07,return,3,2026-07-03,269,ok,2026-04-30T12:35:36Z
WAW-RHO,WAW,RHO,2026-07,return,4,2026-07-04,89,ok,2026-04-30T12:35:36Z
WAW-RHO,WAW,RHO,2026-07,return,5,2026-07-05,219,ok,2026-04-30T12:35:36Z
WAW-RHO,WAW,RHO,2026-07,return,6,2026-07-06,289,ok,2026-04-30T12:35:36Z
WAW-RHO,WAW,RHO,2026-07,return,7,2026-07-07,19,ok,2026-04-30T12:35:36Z
WAW-RHO,WAW,RHO,2026-07,return,8,2026-07-08,9,ok,2026-04-30T12:35:36Z
WAW-RHO,WAW,RHO,2026-07,return,9,2026-07-09,249,ok,2026-04-30T12:35:36Z
WAW-RHO,WAW,RHO,2026-07,return,10,2026-07-10,489,ok,2026-04-30T12:35:36Z
WAW-RHO,WAW,RHO,2026-07,return,12,2026-07-12,219,ok,2026-04-30T12:35:36Z
WAW-RHO,WAW,RHO,2026-07,return,13,2026-07-13,449,ok,2026-04-30T12:35:36Z
WAW-RHO,WAW,RHO,2026-07,return,16,2026-07-16,289,ok,2026-04-30T12:35:36Z
WAW-RHO,WAW,RHO,2026-07,return,17,2026-07-17,539,ok,2026-04-30T12:35:36Z
WAW-RHO,WAW,RHO,2026-07,return,19,2026-07-19,249,ok,2026-04-30T12:35:36Z
WAW-RHO,WAW,RHO,2026-07,return,20,2026-07-20,489,ok,2026-04-30T12:35:36Z
WAW-RHO,WAW,RHO,2026-07,return,23,2026-07-23,489,ok,2026-04-30T12:35:36Z
WAW-RHO,WAW,RHO,2026-07,return,24,2026-07-24,719,ok,2026-04-30T12:35:36Z
WAW-RHO,WAW,RHO,2026-07,return,26,2026-07-26,359,ok,2026-04-30T12:35:36Z
WAW-RHO,WAW,RHO,2026-07,return,27,2026-07-27,649,ok,2026-04-30T12:35:36Z
WAW-RHO,WAW,RHO,2026-07,return,30,2026-07-30,339,ok,2026-04-30T12:35:36Z
WAW-RHO,WAW,RHO,2026-07,return,31,2026-07-31,649,ok,2026-04-30T12:35:36Z
WAW-RHO,WAW,RHO,2026-08,outbound,2,2026-08-02,69,ok,2026-04-30T12:35:36Z
WAW-RHO,WAW,RHO,2026-08,outbound,3,2026-08-03,269,ok,2026-04-30T12:35:36Z
WAW-RHO,WAW,RHO,2026-08,outbound,10,2026-08-10,269,ok,2026-04-30T12:35:36Z
WAW-RHO,WAW,RHO,2026-08,outbound,17,2026-08-17,359,ok,2026-04-30T12:35:36Z
WAW-RHO,WAW,RHO,2026-08,outbound,24,2026-08-24,249,ok,2026-04-30T12:35:36Z
WAW-RHO,WAW,RHO,2026-08,outbound,31,2026-08-31,249,ok,2026-04-30T12:35:36Z
WAW-RHO,WAW,RHO,2026-08,return,2,2026-08-02,309,ok,2026-04-30T12:35:36Z
WAW-RHO,WAW,RHO,2026-08,return,3,2026-08-03,9,ok,2026-04-30T12:35:36Z
WAW-RHO,WAW,RHO,2026-08,return,4,2026-08-04,49,ok,2026-04-30T12:35:36Z
WAW-RHO,WAW,RHO,2026-08,return,5,2026-08-05,79,ok,2026-04-30T12:35:36Z
WAW-RHO,WAW,RHO,2026-08,return,6,2026-08-06,449,ok,2026-04-30T12:35:36Z
WAW-RHO,WAW,RHO,2026-08,return,7,2026-08-07,19,ok,2026-04-30T12:35:36Z
WAW-RHO,WAW,RHO,2026-08,return,8,2026-08-08,49,ok,2026-04-30T12:35:36Z
WAW-RHO,WAW,RHO,2026-08,return,9,2026-08-09,289,ok,2026-04-30T12:35:36Z
WAW-RHO,WAW,RHO,2026-08,return,10,2026-08-10,449,ok,2026-04-30T12:35:36Z
WAW-RHO,WAW,RHO,2026-08,return,11,2026-08-11,39,ok,2026-04-30T12:35:36Z
WAW-RHO,WAW,RHO,2026-08,return,13,2026-08-13,959,ok,2026-04-30T12:35:36Z
WAW-RHO,WAW,RHO,2026-08,return,14,2026-08-14,649,ok,2026-04-30T12:35:36Z
WAW-RHO,WAW,RHO,2026-08,return,16,2026-08-16,539,ok,2026-04-30T12:35:36Z
WAW-RHO,WAW,RHO,2026-08,return,17,2026-08-17,719,ok,2026-04-30T12:35:36Z
WAW-RHO,WAW,RHO,2026-08,return,20,2026-08-20,359,ok,2026-04-30T12:35:36Z
WAW-RHO,WAW,RHO,2026-08,return,21,2026-08-21,489,ok,2026-04-30T12:35:36Z
WAW-RHO,WAW,RHO,2026-08,return,23,2026-08-23,579,ok,2026-04-30T12:35:36Z
WAW-RHO,WAW,RHO,2026-08,return,24,2026-08-24,579,ok,2026-04-30T12:35:36Z
WAW-RHO,WAW,RHO,2026-08,return,27,2026-08-27,289,ok,2026-04-30T12:35:36Z
WAW-RHO,WAW,RHO,2026-08,return,28,2026-08-28,539,ok,2026-04-30T12:35:36Z
WAW-RHO,WAW,RHO,2026-08,return,30,2026-08-30,289,ok,2026-04-30T12:35:36Z
WAW-RHO,WAW,RHO,2026-08,return,31,2026-08-31,649,ok,2026-04-30T12:35:36Z
WAW-CFU,WAW,CFU,2026-07,outbound,1,2026-07-01,79,ok,2026-04-30T12:35:36Z
WAW-CFU,WAW,CFU,2026-07,outbound,2,2026-07-02,179,ok,2026-04-30T12:35:36Z
WAW-CFU,WAW,CFU,2026-07,outbound,3,2026-07-03,99,ok,2026-04-30T12:35:36Z
WAW-CFU,WAW,CFU,2026-07,outbound,4,2026-07-04,399,ok,2026-04-30T12:35:36Z
WAW-CFU,WAW,CFU,2026-07,outbound,5,2026-07-05,99,ok,2026-04-30T12:35:36Z
WAW-CFU,WAW,CFU,2026-07,outbound,7,2026-07-07,309,ok,2026-04-30T12:35:36Z
WAW-CFU,WAW,CFU,2026-07,outbound,9,2026-07-09,179,ok,2026-04-30T12:35:36Z
WAW-CFU,WAW,CFU,2026-07,outbound,11,2026-07-11,599,ok,2026-04-30T12:35:36Z
WAW-CFU,WAW,CFU,2026-07,outbound,14,2026-07-14,219,ok,2026-04-30T12:35:36Z
WAW-CFU,WAW,CFU,2026-07,outbound,16,2026-07-16,209,ok,2026-04-30T12:35:36Z
WAW-CFU,WAW,CFU,2026-07,outbound,18,2026-07-18,179,ok,2026-04-30T12:35:36Z
WAW-CFU,WAW,CFU,2026-07,outbound,21,2026-07-21,179,ok,2026-04-30T12:35:36Z
WAW-CFU,WAW,CFU,2026-07,outbound,23,2026-07-23,219,ok,2026-04-30T12:35:36Z
WAW-CFU,WAW,CFU,2026-07,outbound,25,2026-07-25,509,ok,2026-04-30T12:35:36Z
WAW-CFU,WAW,CFU,2026-07,outbound,28,2026-07-28,179,ok,2026-04-30T12:35:36Z
WAW-CFU,WAW,CFU,2026-07,outbound,30,2026-07-30,179,ok,2026-04-30T12:35:36Z
WAW-CFU,WAW,CFU,2026-07,return,1,2026-07-01,79,ok,2026-04-30T12:35:36Z
WAW-CFU,WAW,CFU,2026-07,return,2,2026-07-02,179,ok,2026-04-30T12:35:36Z
WAW-CFU,WAW,CFU,2026-07,return,3,2026-07-03,9,ok,2026-04-30T12:35:36Z
WAW-CFU,WAW,CFU,2026-07,return,4,2026-07-04,559,ok,2026-04-30T12:35:36Z
WAW-CFU,WAW,CFU,2026-07,return,5,2026-07-05,59,ok,2026-04-30T12:35:36Z
WAW-CFU,WAW,CFU,2026-07,return,6,2026-07-06,69,ok,2026-04-30T12:35:36Z
WAW-CFU,WAW,CFU,2026-07,return,7,2026-07-07,249,ok,2026-04-30T12:35:36Z
WAW-CFU,WAW,CFU,2026-07,return,9,2026-07-09,289,ok,2026-04-30T12:35:36Z
WAW-CFU,WAW,CFU,2026-07,return,11,2026-07-11,309,ok,2026-04-30T12:35:36Z
WAW-CFU,WAW,CFU,2026-07,return,14,2026-07-14,219,ok,2026-04-30T12:35:36Z
WAW-CFU,WAW,CFU,2026-07,return,16,2026-07-16,249,ok,2026-04-30T12:35:36Z
WAW-CFU,WAW,CFU,2026-07,return,18,2026-07-18,399,ok,2026-04-30T12:35:36Z
WAW-CFU,WAW,CFU,2026-07,return,21,2026-07-21,309,ok,2026-04-30T12:35:36Z
WAW-CFU,WAW,CFU,2026-07,return,23,2026-07-23,179,ok,2026-04-30T12:35:36Z
WAW-CFU,WAW,CFU,2026-07,return,25,2026-07-25,669,ok,2026-04-30T12:35:36Z
WAW-CFU,WAW,CFU,2026-07,return,28,2026-07-28,219,ok,2026-04-30T12:35:36Z
WAW-CFU,WAW,CFU,2026-07,return,30,2026-07-30,219,ok,2026-04-30T12:35:36Z
WAW-CFU,WAW,CFU,2026-08,outbound,1,2026-08-01,599,ok,2026-04-30T12:35:36Z
WAW-CFU,WAW,CFU,2026-08,outbound,3,2026-08-03,59,ok,2026-04-30T12:35:36Z
WAW-CFU,WAW,CFU,2026-08,outbound,4,2026-08-04,449,ok,2026-04-30T12:35:36Z
WAW-CFU,WAW,CFU,2026-08,outbound,5,2026-08-05,99,ok,2026-04-30T12:35:36Z
WAW-CFU,WAW,CFU,2026-08,outbound,6,2026-08-06,359,ok,2026-04-30T12:35:36Z
WAW-CFU,WAW,CFU,2026-08,outbound,8,2026-08-08,359,ok,2026-04-30T12:35:36Z
WAW-CFU,WAW,CFU,2026-08,outbound,9,2026-08-09,59,ok,2026-04-30T12:35:36Z
WAW-CFU,WAW,CFU,2026-08,outbound,11,2026-08-11,359,ok,2026-04-30T12:35:36Z
WAW-CFU,WAW,CFU,2026-08,outbound,13,2026-08-13,359,ok,2026-04-30T12:35:36Z
WAW-CFU,WAW,CFU,2026-08,outbound,15,2026-08-15,669,ok,2026-04-30T12:35:36Z
WAW-CFU,WAW,CFU,2026-08,outbound,18,2026-08-18,309,ok,2026-04-30T12:35:36Z
WAW-CFU,WAW,CFU,2026-08,outbound,20,2026-08-20,309,ok,2026-04-30T12:35:36Z
WAW-CFU,WAW,CFU,2026-08,outbound,22,2026-08-22,599,ok,2026-04-30T12:35:36Z
WAW-CFU,WAW,CFU,2026-08,outbound,25,2026-08-25,359,ok,2026-04-30T12:35:36Z
WAW-CFU,WAW,CFU,2026-08,outbound,27,2026-08-27,309,ok,2026-04-30T12:35:36Z
WAW-CFU,WAW,CFU,2026-08,outbound,29,2026-08-29,959,ok,2026-04-30T12:35:36Z
WAW-CFU,WAW,CFU,2026-08,return,1,2026-08-01,559,ok,2026-04-30T12:35:36Z
WAW-CFU,WAW,CFU,2026-08,return,2,2026-08-02,49,ok,2026-04-30T12:35:36Z
WAW-CFU,WAW,CFU,2026-08,return,3,2026-08-03,59,ok,2026-04-30T12:35:36Z
WAW-CFU,WAW,CFU,2026-08,return,4,2026-08-04,359,ok,2026-04-30T12:35:36Z
WAW-CFU,WAW,CFU,2026-08,return,5,2026-08-05,59,ok,2026-04-30T12:35:36Z
WAW-CFU,WAW,CFU,2026-08,return,6,2026-08-06,359,ok,2026-04-30T12:35:36Z
WAW-CFU,WAW,CFU,2026-08,return,7,2026-08-07,19,ok,2026-04-30T12:35:36Z
WAW-CFU,WAW,CFU,2026-08,return,8,2026-08-08,719,ok,2026-04-30T12:35:36Z
WAW-CFU,WAW,CFU,2026-08,return,10,2026-08-10,49,ok,2026-04-30T12:35:36Z
WAW-CFU,WAW,CFU,2026-08,return,11,2026-08-11,509,ok,2026-04-30T12:35:36Z
WAW-CFU,WAW,CFU,2026-08,return,12,2026-08-12,49,ok,2026-04-30T12:35:36Z
WAW-CFU,WAW,CFU,2026-08,return,13,2026-08-13,509,ok,2026-04-30T12:35:36Z
WAW-CFU,WAW,CFU,2026-08,return,15,2026-08-15,1249,ok,2026-04-30T12:35:36Z
WAW-CFU,WAW,CFU,2026-08,return,18,2026-08-18,249,ok,2026-04-30T12:35:36Z
WAW-CFU,WAW,CFU,2026-08,return,20,2026-08-20,359,ok,2026-04-30T12:35:36Z
WAW-CFU,WAW,CFU,2026-08,return,22,2026-08-22,849,ok,2026-04-30T12:35:36Z
WAW-CFU,WAW,CFU,2026-08,return,25,2026-08-25,399,ok,2026-04-30T12:35:36Z
WAW-CFU,WAW,CFU,2026-08,return,27,2026-08-27,359,ok,2026-04-30T12:35:36Z
WAW-CFU,WAW,CFU,2026-08,return,29,2026-08-29,1049,ok,2026-04-30T12:35:36Z
WAW-ZTH,WAW,ZTH,2026-06,outbound,3,2026-06-03,59,ok,2026-04-30T12:35:36Z
WAW-ZTH,WAW,ZTH,2026-06,outbound,4,2026-06-04,49,ok,2026-04-30T12:35:36Z
WAW-ZTH,WAW,ZTH,2026-06,outbound,5,2026-06-05,79,ok,2026-04-30T12:35:36Z
WAW-ZTH,WAW,ZTH,2026-06,outbound,9,2026-06-09,579,ok,2026-04-30T12:35:36Z
WAW-ZTH,WAW,ZTH,2026-06,outbound,16,2026-06-16,449,ok,2026-04-30T12:35:36Z
WAW-ZTH,WAW,ZTH,2026-06,outbound,23,2026-06-23,359,ok,2026-04-30T12:35:36Z
WAW-ZTH,WAW,ZTH,2026-06,outbound,30,2026-06-30,339,ok,2026-04-30T12:35:36Z
WAW-ZTH,WAW,ZTH,2026-06,return,2,2026-06-02,89,ok,2026-04-30T12:35:36Z
WAW-ZTH,WAW,ZTH,2026-06,return,3,2026-06-03,9,ok,2026-04-30T12:35:36Z
WAW-ZTH,WAW,ZTH,2026-06,return,4,2026-06-04,49,ok,2026-04-30T12:35:36Z
WAW-ZTH,WAW,ZTH,2026-06,return,5,2026-06-05,39,ok,2026-04-30T12:35:36Z
WAW-ZTH,WAW,ZTH,2026-06,return,6,2026-06-06,69,ok,2026-04-30T12:35:36Z
WAW-ZTH,WAW,ZTH,2026-06,return,7,2026-06-07,669,ok,2026-04-30T12:35:36Z
WAW-ZTH,WAW,ZTH,2026-06,return,9,2026-06-09,399,ok,2026-04-30T12:35:36Z
WAW-ZTH,WAW,ZTH,2026-06,return,13,2026-06-13,449,ok,2026-04-30T12:35:36Z
WAW-ZTH,WAW,ZTH,2026-06,return,14,2026-06-14,309,ok,2026-04-30T12:35:36Z
WAW-ZTH,WAW,ZTH,2026-06,return,16,2026-06-16,249,ok,2026-04-30T12:35:36Z
WAW-ZTH,WAW,ZTH,2026-06,return,20,2026-06-20,539,ok,2026-04-30T12:35:36Z
WAW-ZTH,WAW,ZTH,2026-06,return,21,2026-06-21,309,ok,2026-04-30T12:35:36Z
WAW-ZTH,WAW,ZTH,2026-06,return,23,2026-06-23,289,ok,2026-04-30T12:35:36Z
WAW-ZTH,WAW,ZTH,2026-06,return,27,2026-06-27,339,ok,2026-04-30T12:35:36Z
WAW-ZTH,WAW,ZTH,2026-06,return,28,2026-06-28,309,ok,2026-04-30T12:35:36Z
WAW-ZTH,WAW,ZTH,2026-06,return,30,2026-06-30,339,ok,2026-04-30T12:35:36Z
WAW-ZTH,WAW,ZTH,2026-07,outbound,3,2026-07-03,99,ok,2026-04-30T12:35:36Z
WAW-ZTH,WAW,ZTH,2026-07,outbound,6,2026-07-06,29,ok,2026-04-30T12:35:36Z
WAW-ZTH,WAW,ZTH,2026-07,outbound,7,2026-07-07,629,ok,2026-04-30T12:35:36Z
WAW-ZTH,WAW,ZTH,2026-07,outbound,14,2026-07-14,399,ok,2026-04-30T12:35:36Z
WAW-ZTH,WAW,ZTH,2026-07,outbound,21,2026-07-21,629,ok,2026-04-30T12:35:36Z
WAW-ZTH,WAW,ZTH,2026-07,outbound,28,2026-07-28,399,ok,2026-04-30T12:35:36Z
WAW-ZTH,WAW,ZTH,2026-07,return,2,2026-07-02,89,ok,2026-04-30T12:35:36Z
WAW-ZTH,WAW,ZTH,2026-07,return,3,2026-07-03,39,ok,2026-04-30T12:35:36Z
WAW-ZTH,WAW,ZTH,2026-07,return,4,2026-07-04,289,ok,2026-04-30T12:35:36Z
WAW-ZTH,WAW,ZTH,2026-07,return,5,2026-07-05,339,ok,2026-04-30T12:35:36Z
WAW-ZTH,WAW,ZTH,2026-07,return,6,2026-07-06,69,ok,2026-04-30T12:35:36Z
WAW-ZTH,WAW,ZTH,2026-07,return,7,2026-07-07,669,ok,2026-04-30T12:35:36Z
WAW-ZTH,WAW,ZTH,2026-07,return,8,2026-07-08,9,ok,2026-04-30T12:35:36Z
WAW-ZTH,WAW,ZTH,2026-07,return,11,2026-07-11,399,ok,2026-04-30T12:35:36Z
WAW-ZTH,WAW,ZTH,2026-07,return,12,2026-07-12,249,ok,2026-04-30T12:35:36Z
WAW-ZTH,WAW,ZTH,2026-07,return,14,2026-07-14,249,ok,2026-04-30T12:35:36Z
WAW-ZTH,WAW,ZTH,2026-07,return,18,2026-07-18,669,ok,2026-04-30T12:35:36Z
WAW-ZTH,WAW,ZTH,2026-07,return,19,2026-07-19,249,ok,2026-04-30T12:35:36Z
WAW-ZTH,WAW,ZTH,2026-07,return,21,2026-07-21,629,ok,2026-04-30T12:35:36Z
WAW-ZTH,WAW,ZTH,2026-07,return,25,2026-07-25,399,ok,2026-04-30T12:35:36Z
WAW-ZTH,WAW,ZTH,2026-07,return,26,2026-07-26,249,ok,2026-04-30T12:35:36Z
WAW-ZTH,WAW,ZTH,2026-07,return,28,2026-07-28,449,ok,2026-04-30T12:35:36Z
WAW-ZTH,WAW,ZTH,2026-08,outbound,3,2026-08-03,39,ok,2026-04-30T12:35:36Z
WAW-ZTH,WAW,ZTH,2026-08,outbound,4,2026-08-04,449,ok,2026-04-30T12:35:36Z
WAW-ZTH,WAW,ZTH,2026-08,outbound,6,2026-08-06,29,ok,2026-04-30T12:35:36Z
WAW-ZTH,WAW,ZTH,2026-08,outbound,11,2026-08-11,449,ok,2026-04-30T12:35:36Z
WAW-ZTH,WAW,ZTH,2026-08,outbound,18,2026-08-18,629,ok,2026-04-30T12:35:36Z
WAW-ZTH,WAW,ZTH,2026-08,outbound,25,2026-08-25,339,ok,2026-04-30T12:35:36Z
WAW-ZTH,WAW,ZTH,2026-08,return,1,2026-08-01,539,ok,2026-04-30T12:35:36Z
WAW-ZTH,WAW,ZTH,2026-08,return,2,2026-08-02,339,ok,2026-04-30T12:35:36Z
WAW-ZTH,WAW,ZTH,2026-08,return,3,2026-08-03,39,ok,2026-04-30T12:35:36Z
WAW-ZTH,WAW,ZTH,2026-08,return,4,2026-08-04,539,ok,2026-04-30T12:35:36Z
WAW-ZTH,WAW,ZTH,2026-08,return,5,2026-08-05,39,ok,2026-04-30T12:35:36Z
WAW-ZTH,WAW,ZTH,2026-08,return,6,2026-08-06,69,ok,2026-04-30T12:35:36Z
WAW-ZTH,WAW,ZTH,2026-08,return,7,2026-08-07,39,ok,2026-04-30T12:35:36Z
WAW-ZTH,WAW,ZTH,2026-08,return,8,2026-08-08,99,ok,2026-04-30T12:35:36Z
WAW-ZTH,WAW,ZTH,2026-08,return,9,2026-08-09,399,ok,2026-04-30T12:35:36Z
WAW-ZTH,WAW,ZTH,2026-08,return,10,2026-08-10,9,ok,2026-04-30T12:35:36Z
WAW-ZTH,WAW,ZTH,2026-08,return,11,2026-08-11,629,ok,2026-04-30T12:35:36Z
WAW-ZTH,WAW,ZTH,2026-08,return,15,2026-08-15,579,ok,2026-04-30T12:35:36Z
WAW-ZTH,WAW,ZTH,2026-08,return,16,2026-08-16,339,ok,2026-04-30T12:35:36Z
WAW-ZTH,WAW,ZTH,2026-08,return,18,2026-08-18,539,ok,2026-04-30T12:35:36Z
WAW-ZTH,WAW,ZTH,2026-08,return,22,2026-08-22,739,ok,2026-04-30T12:35:36Z
WAW-ZTH,WAW,ZTH,2026-08,return,23,2026-08-23,339,ok,2026-04-30T12:35:36Z
WAW-ZTH,WAW,ZTH,2026-08,return,25,2026-08-25,1009,ok,2026-04-30T12:35:36Z
WAW-ZTH,WAW,ZTH,2026-08,return,29,2026-08-29,449,ok,2026-04-30T12:35:36Z
WAW-ZTH,WAW,ZTH,2026-08,return,30,2026-08-30,339,ok,2026-04-30T12:35:36Z
WAW-MAD,WAW,MAD,2026-06,outbound,1,2026-06-01,209,ok,2026-04-30T12:35:36Z
WAW-MAD,WAW,MAD,2026-06,outbound,2,2026-06-02,209,ok,2026-04-30T12:35:36Z
WAW-MAD,WAW,MAD,2026-06,outbound,3,2026-06-03,269,ok,2026-04-30T12:35:36Z
WAW-MAD,WAW,MAD,2026-06,outbound,4,2026-06-04,449,ok,2026-04-30T12:35:36Z
WAW-MAD,WAW,MAD,2026-06,outbound,5,2026-06-05,179,ok,2026-04-30T12:35:36Z
WAW-MAD,WAW,MAD,2026-06,outbound,6,2026-06-06,179,ok,2026-04-30T12:35:36Z
WAW-MAD,WAW,MAD,2026-06,outbound,7,2026-06-07,309,ok,2026-04-30T12:35:36Z
WAW-MAD,WAW,MAD,2026-06,outbound,8,2026-06-08,209,ok,2026-04-30T12:35:36Z
WAW-MAD,WAW,MAD,2026-06,outbound,9,2026-06-09,179,ok,2026-04-30T12:35:36Z
WAW-MAD,WAW,MAD,2026-06,outbound,10,2026-06-10,179,ok,2026-04-30T12:35:36Z
WAW-MAD,WAW,MAD,2026-06,outbound,11,2026-06-11,179,ok,2026-04-30T12:35:36Z
WAW-MAD,WAW,MAD,2026-06,outbound,12,2026-06-12,179,ok,2026-04-30T12:35:36Z
WAW-MAD,WAW,MAD,2026-06,outbound,13,2026-06-13,219,ok,2026-04-30T12:35:36Z
WAW-MAD,WAW,MAD,2026-06,outbound,14,2026-06-14,359,ok,2026-04-30T12:35:36Z
WAW-MAD,WAW,MAD,2026-06,outbound,15,2026-06-15,249,ok,2026-04-30T12:35:36Z
WAW-MAD,WAW,MAD,2026-06,outbound,16,2026-06-16,179,ok,2026-04-30T12:35:36Z
WAW-MAD,WAW,MAD,2026-06,outbound,17,2026-06-17,209,ok,2026-04-30T12:35:36Z
WAW-MAD,WAW,MAD,2026-06,outbound,18,2026-06-18,209,ok,2026-04-30T12:35:36Z
WAW-MAD,WAW,MAD,2026-06,outbound,19,2026-06-19,249,ok,2026-04-30T12:35:36Z
WAW-MAD,WAW,MAD,2026-06,outbound,20,2026-06-20,359,ok,2026-04-30T12:35:36Z
WAW-MAD,WAW,MAD,2026-06,outbound,21,2026-06-21,719,ok,2026-04-30T12:35:36Z
WAW-MAD,WAW,MAD,2026-06,outbound,22,2026-06-22,269,ok,2026-04-30T12:35:36Z
WAW-MAD,WAW,MAD,2026-06,outbound,23,2026-06-23,179,ok,2026-04-30T12:35:36Z
WAW-MAD,WAW,MAD,2026-06,outbound,24,2026-06-24,249,ok,2026-04-30T12:35:36Z
WAW-MAD,WAW,MAD,2026-06,outbound,25,2026-06-25,309,ok,2026-04-30T12:35:36Z
WAW-MAD,WAW,MAD,2026-06,outbound,26,2026-06-26,219,ok,2026-04-30T12:35:36Z
WAW-MAD,WAW,MAD,2026-06,outbound,27,2026-06-27,249,ok,2026-04-30T12:35:36Z
WAW-MAD,WAW,MAD,2026-06,outbound,28,2026-06-28,209,ok,2026-04-30T12:35:36Z
WAW-MAD,WAW,MAD,2026-06,outbound,29,2026-06-29,249,ok,2026-04-30T12:35:36Z
WAW-MAD,WAW,MAD,2026-06,outbound,30,2026-06-30,249,ok,2026-04-30T12:35:36Z
WAW-MAD,WAW,MAD,2026-06,return,1,2026-06-01,179,ok,2026-04-30T12:35:36Z
WAW-MAD,WAW,MAD,2026-06,return,2,2026-06-02,179,ok,2026-04-30T12:35:36Z
WAW-MAD,WAW,MAD,2026-06,return,3,2026-06-03,209,ok,2026-04-30T12:35:36Z
WAW-MAD,WAW,MAD,2026-06,return,4,2026-06-04,179,ok,2026-04-30T12:35:36Z
WAW-MAD,WAW,MAD,2026-06,return,5,2026-06-05,179,ok,2026-04-30T12:35:36Z
WAW-MAD,WAW,MAD,2026-06,return,6,2026-06-06,249,ok,2026-04-30T12:35:36Z
WAW-MAD,WAW,MAD,2026-06,return,7,2026-06-07,959,ok,2026-04-30T12:35:36Z
WAW-MAD,WAW,MAD,2026-06,return,8,2026-06-08,399,ok,2026-04-30T12:35:36Z
WAW-MAD,WAW,MAD,2026-06,return,9,2026-06-09,59,ok,2026-04-30T12:35:36Z
WAW-MAD,WAW,MAD,2026-06,return,10,2026-06-10,179,ok,2026-04-30T12:35:36Z
WAW-MAD,WAW,MAD,2026-06,return,11,2026-06-11,209,ok,2026-04-30T12:35:36Z
WAW-MAD,WAW,MAD,2026-06,return,12,2026-06-12,179,ok,2026-04-30T12:35:36Z
WAW-MAD,WAW,MAD,2026-06,return,13,2026-06-13,249,ok,2026-04-30T12:35:36Z
WAW-MAD,WAW,MAD,2026-06,return,14,2026-06-14,399,ok,2026-04-30T12:35:36Z
WAW-MAD,WAW,MAD,2026-06,return,15,2026-06-15,179,ok,2026-04-30T12:35:36Z
WAW-MAD,WAW,MAD,2026-06,return,16,2026-06-16,179,ok,2026-04-30T12:35:36Z
WAW-MAD,WAW,MAD,2026-06,return,17,2026-06-17,249,ok,2026-04-30T12:35:36Z
WAW-MAD,WAW,MAD,2026-06,return,18,2026-06-18,359,ok,2026-04-30T12:35:36Z
WAW-MAD,WAW,MAD,2026-06,return,19,2026-06-19,249,ok,2026-04-30T12:35:36Z
WAW-MAD,WAW,MAD,2026-06,return,20,2026-06-20,179,ok,2026-04-30T12:35:36Z
WAW-MAD,WAW,MAD,2026-06,return,21,2026-06-21,399,ok,2026-04-30T12:35:36Z
WAW-MAD,WAW,MAD,2026-06,return,22,2026-06-22,249,ok,2026-04-30T12:35:36Z
WAW-MAD,WAW,MAD,2026-06,return,23,2026-06-23,249,ok,2026-04-30T12:35:36Z
WAW-MAD,WAW,MAD,2026-06,return,24,2026-06-24,179,ok,2026-04-30T12:35:36Z
WAW-MAD,WAW,MAD,2026-06,return,25,2026-06-25,249,ok,2026-04-30T12:35:36Z
WAW-MAD,WAW,MAD,2026-06,return,26,2026-06-26,249,ok,2026-04-30T12:35:36Z
WAW-MAD,WAW,MAD,2026-06,return,27,2026-06-27,359,ok,2026-04-30T12:35:36Z
WAW-MAD,WAW,MAD,2026-06,return,28,2026-06-28,669,ok,2026-04-30T12:35:36Z
WAW-MAD,WAW,MAD,2026-06,return,29,2026-06-29,249,ok,2026-04-30T12:35:36Z
WAW-MAD,WAW,MAD,2026-06,return,30,2026-06-30,219,ok,2026-04-30T12:35:36Z
WAW-MAD,WAW,MAD,2026-07,outbound,1,2026-07-01,179,ok,2026-04-30T12:35:36Z
WAW-MAD,WAW,MAD,2026-07,outbound,2,2026-07-02,179,ok,2026-04-30T12:35:36Z
WAW-MAD,WAW,MAD,2026-07,outbound,3,2026-07-03,179,ok,2026-04-30T12:35:36Z
WAW-MAD,WAW,MAD,2026-07,outbound,4,2026-07-04,289,ok,2026-04-30T12:35:36Z
WAW-MAD,WAW,MAD,2026-07,outbound,5,2026-07-05,309,ok,2026-04-30T12:35:36Z
WAW-MAD,WAW,MAD,2026-07,outbound,6,2026-07-06,219,ok,2026-04-30T12:35:36Z
WAW-MAD,WAW,MAD,2026-07,outbound,7,2026-07-07,179,ok,2026-04-30T12:35:36Z
WAW-MAD,WAW,MAD,2026-07,outbound,8,2026-07-08,179,ok,2026-04-30T12:35:36Z
WAW-MAD,WAW,MAD,2026-07,outbound,9,2026-07-09,179,ok,2026-04-30T12:35:36Z
WAW-MAD,WAW,MAD,2026-07,outbound,10,2026-07-10,179,ok,2026-04-30T12:35:36Z
WAW-MAD,WAW,MAD,2026-07,outbound,11,2026-07-11,249,ok,2026-04-30T12:35:36Z
WAW-MAD,WAW,MAD,2026-07,outbound,12,2026-07-12,359,ok,2026-04-30T12:35:36Z
WAW-MAD,WAW,MAD,2026-07,outbound,13,2026-07-13,179,ok,2026-04-30T12:35:36Z
WAW-MAD,WAW,MAD,2026-07,outbound,14,2026-07-14,179,ok,2026-04-30T12:35:36Z
WAW-MAD,WAW,MAD,2026-07,outbound,15,2026-07-15,249,ok,2026-04-30T12:35:36Z
WAW-MAD,WAW,MAD,2026-07,outbound,16,2026-07-16,289,ok,2026-04-30T12:35:36Z
WAW-MAD,WAW,MAD,2026-07,outbound,17,2026-07-17,249,ok,2026-04-30T12:35:36Z
WAW-MAD,WAW,MAD,2026-07,outbound,18,2026-07-18,289,ok,2026-04-30T12:35:36Z
WAW-MAD,WAW,MAD,2026-07,outbound,19,2026-07-19,719,ok,2026-04-30T12:35:36Z
WAW-MAD,WAW,MAD,2026-07,outbound,20,2026-07-20,309,ok,2026-04-30T12:35:36Z
WAW-MAD,WAW,MAD,2026-07,outbound,21,2026-07-21,179,ok,2026-04-30T12:35:36Z
WAW-MAD,WAW,MAD,2026-07,outbound,22,2026-07-22,179,ok,2026-04-30T12:35:36Z
WAW-MAD,WAW,MAD,2026-07,outbound,23,2026-07-23,179,ok,2026-04-30T12:35:36Z
WAW-MAD,WAW,MAD,2026-07,outbound,24,2026-07-24,359,ok,2026-04-30T12:35:36Z
WAW-MAD,WAW,MAD,2026-07,outbound,25,2026-07-25,209,ok,2026-04-30T12:35:36Z
WAW-MAD,WAW,MAD,2026-07,outbound,26,2026-07-26,509,ok,2026-04-30T12:35:36Z
WAW-MAD,WAW,MAD,2026-07,outbound,27,2026-07-27,289,ok,2026-04-30T12:35:36Z
WAW-MAD,WAW,MAD,2026-07,outbound,28,2026-07-28,559,ok,2026-04-30T12:35:36Z
WAW-MAD,WAW,MAD,2026-07,outbound,29,2026-07-29,509,ok,2026-04-30T12:35:36Z
WAW-MAD,WAW,MAD,2026-07,outbound,30,2026-07-30,399,ok,2026-04-30T12:35:36Z
WAW-MAD,WAW,MAD,2026-07,outbound,31,2026-07-31,249,ok,2026-04-30T12:35:36Z
WAW-MAD,WAW,MAD,2026-07,return,1,2026-07-01,249,ok,2026-04-30T12:35:36Z
WAW-MAD,WAW,MAD,2026-07,return,2,2026-07-02,269,ok,2026-04-30T12:35:36Z
WAW-MAD,WAW,MAD,2026-07,return,3,2026-07-03,399,ok,2026-04-30T12:35:36Z
WAW-MAD,WAW,MAD,2026-07,return,4,2026-07-04,289,ok,2026-04-30T12:35:36Z
WAW-MAD,WAW,MAD,2026-07,return,5,2026-07-05,179,ok,2026-04-30T12:35:36Z
WAW-MAD,WAW,MAD,2026-07,return,6,2026-07-06,179,ok,2026-04-30T12:35:36Z
WAW-MAD,WAW,MAD,2026-07,return,7,2026-07-07,309,ok,2026-04-30T12:35:36Z
WAW-MAD,WAW,MAD,2026-07,return,8,2026-07-08,179,ok,2026-04-30T12:35:36Z
WAW-MAD,WAW,MAD,2026-07,return,9,2026-07-09,509,ok,2026-04-30T12:35:36Z
WAW-MAD,WAW,MAD,2026-07,return,10,2026-07-10,559,ok,2026-04-30T12:35:36Z
WAW-MAD,WAW,MAD,2026-07,return,11,2026-07-11,289,ok,2026-04-30T12:35:36Z
WAW-MAD,WAW,MAD,2026-07,return,12,2026-07-12,289,ok,2026-04-30T12:35:36Z
WAW-MAD,WAW,MAD,2026-07,return,13,2026-07-13,849,ok,2026-04-30T12:35:36Z
WAW-MAD,WAW,MAD,2026-07,return,14,2026-07-14,509,ok,2026-04-30T12:35:36Z
WAW-MAD,WAW,MAD,2026-07,return,15,2026-07-15,599,ok,2026-04-30T12:35:36Z
WAW-MAD,WAW,MAD,2026-07,return,16,2026-07-16,449,ok,2026-04-30T12:35:36Z
WAW-MAD,WAW,MAD,2026-07,return,17,2026-07-17,509,ok,2026-04-30T12:35:36Z
WAW-MAD,WAW,MAD,2026-07,return,18,2026-07-18,959,ok,2026-04-30T12:35:36Z
WAW-MAD,WAW,MAD,2026-07,return,19,2026-07-19,509,ok,2026-04-30T12:35:36Z
WAW-MAD,WAW,MAD,2026-07,return,20,2026-07-20,559,ok,2026-04-30T12:35:36Z
WAW-MAD,WAW,MAD,2026-07,return,21,2026-07-21,399,ok,2026-04-30T12:35:36Z
WAW-MAD,WAW,MAD,2026-07,return,22,2026-07-22,249,ok,2026-04-30T12:35:36Z
WAW-MAD,WAW,MAD,2026-07,return,23,2026-07-23,289,ok,2026-04-30T12:35:36Z
WAW-MAD,WAW,MAD,2026-07,return,24,2026-07-24,309,ok,2026-04-30T12:35:36Z
WAW-MAD,WAW,MAD,2026-07,return,25,2026-07-25,509,ok,2026-04-30T12:35:36Z
WAW-MAD,WAW,MAD,2026-07,return,26,2026-07-26,509,ok,2026-04-30T12:35:36Z
WAW-MAD,WAW,MAD,2026-07,return,27,2026-07-27,359,ok,2026-04-30T12:35:36Z
WAW-MAD,WAW,MAD,2026-07,return,28,2026-07-28,399,ok,2026-04-30T12:35:36Z
WAW-MAD,WAW,MAD,2026-07,return,29,2026-07-29,399,ok,2026-04-30T12:35:36Z
WAW-MAD,WAW,MAD,2026-07,return,30,2026-07-30,719,ok,2026-04-30T12:35:36Z
WAW-MAD,WAW,MAD,2026-07,return,31,2026-07-31,849,ok,2026-04-30T12:35:36Z
WAW-MAD,WAW,MAD,2026-08,outbound,1,2026-08-01,309,ok,2026-04-30T12:35:36Z
WAW-MAD,WAW,MAD,2026-08,outbound,2,2026-08-02,509,ok,2026-04-30T12:35:36Z
WAW-MAD,WAW,MAD,2026-08,outbound,3,2026-08-03,9,ok,2026-04-30T12:35:36Z
WAW-MAD,WAW,MAD,2026-08,outbound,4,2026-08-04,309,ok,2026-04-30T12:35:36Z
WAW-MAD,WAW,MAD,2026-08,outbound,5,2026-08-05,9,ok,2026-04-30T12:35:36Z
WAW-MAD,WAW,MAD,2026-08,outbound,6,2026-08-06,309,ok,2026-04-30T12:35:36Z
WAW-MAD,WAW,MAD,2026-08,outbound,7,2026-08-07,509,ok,2026-04-30T12:35:36Z
WAW-MAD,WAW,MAD,2026-08,outbound,8,2026-08-08,509,ok,2026-04-30T12:35:36Z
WAW-MAD,WAW,MAD,2026-08,outbound,9,2026-08-09,599,ok,2026-04-30T12:35:36Z
WAW-MAD,WAW,MAD,2026-08,outbound,10,2026-08-10,449,ok,2026-04-30T12:35:36Z
WAW-MAD,WAW,MAD,2026-08,outbound,11,2026-08-11,559,ok,2026-04-30T12:35:36Z
WAW-MAD,WAW,MAD,2026-08,outbound,12,2026-08-12,509,ok,2026-04-30T12:35:36Z
WAW-MAD,WAW,MAD,2026-08,outbound,13,2026-08-13,509,ok,2026-04-30T12:35:36Z
WAW-MAD,WAW,MAD,2026-08,outbound,14,2026-08-14,289,ok,2026-04-30T12:35:36Z
WAW-MAD,WAW,MAD,2026-08,outbound,15,2026-08-15,509,ok,2026-04-30T12:35:36Z
WAW-MAD,WAW,MAD,2026-08,outbound,16,2026-08-16,1139,ok,2026-04-30T12:35:36Z
WAW-MAD,WAW,MAD,2026-08,outbound,17,2026-08-17,559,ok,2026-04-30T12:35:36Z
WAW-MAD,WAW,MAD,2026-08,outbound,18,2026-08-18,399,ok,2026-04-30T12:35:36Z
WAW-MAD,WAW,MAD,2026-08,outbound,19,2026-08-19,269,ok,2026-04-30T12:35:36Z
WAW-MAD,WAW,MAD,2026-08,outbound,20,2026-08-20,249,ok,2026-04-30T12:35:36Z
WAW-MAD,WAW,MAD,2026-08,outbound,21,2026-08-21,309,ok,2026-04-30T12:35:36Z
WAW-MAD,WAW,MAD,2026-08,outbound,22,2026-08-22,599,ok,2026-04-30T12:35:36Z
WAW-MAD,WAW,MAD,2026-08,outbound,23,2026-08-23,719,ok,2026-04-30T12:35:36Z
WAW-MAD,WAW,MAD,2026-08,outbound,24,2026-08-24,509,ok,2026-04-30T12:35:36Z
WAW-MAD,WAW,MAD,2026-08,outbound,25,2026-08-25,599,ok,2026-04-30T12:35:36Z
WAW-MAD,WAW,MAD,2026-08,outbound,26,2026-08-26,559,ok,2026-04-30T12:35:36Z
WAW-MAD,WAW,MAD,2026-08,outbound,27,2026-08-27,719,ok,2026-04-30T12:35:36Z
WAW-MAD,WAW,MAD,2026-08,outbound,28,2026-08-28,669,ok,2026-04-30T12:35:36Z
WAW-MAD,WAW,MAD,2026-08,outbound,29,2026-08-29,599,ok,2026-04-30T12:35:36Z
WAW-MAD,WAW,MAD,2026-08,outbound,30,2026-08-30,669,ok,2026-04-30T12:35:36Z
WAW-MAD,WAW,MAD,2026-08,outbound,31,2026-08-31,509,ok,2026-04-30T12:35:36Z
WAW-MAD,WAW,MAD,2026-08,return,1,2026-08-01,849,ok,2026-04-30T12:35:36Z
WAW-MAD,WAW,MAD,2026-08,return,2,2026-08-02,849,ok,2026-04-30T12:35:36Z
WAW-MAD,WAW,MAD,2026-08,return,3,2026-08-03,719,ok,2026-04-30T12:35:36Z
WAW-MAD,WAW,MAD,2026-08,return,4,2026-08-04,599,ok,2026-04-30T12:35:36Z
WAW-MAD,WAW,MAD,2026-08,return,5,2026-08-05,509,ok,2026-04-30T12:35:36Z
WAW-MAD,WAW,MAD,2026-08,return,6,2026-08-06,509,ok,2026-04-30T12:35:36Z
WAW-MAD,WAW,MAD,2026-08,return,7,2026-08-07,599,ok,2026-04-30T12:35:36Z
WAW-MAD,WAW,MAD,2026-08,return,8,2026-08-08,49,ok,2026-04-30T12:35:36Z
WAW-MAD,WAW,MAD,2026-08,return,9,2026-08-09,509,ok,2026-04-30T12:35:36Z
WAW-MAD,WAW,MAD,2026-08,return,10,2026-08-10,599,ok,2026-04-30T12:35:36Z
WAW-MAD,WAW,MAD,2026-08,return,11,2026-08-11,599,ok,2026-04-30T12:35:36Z
WAW-MAD,WAW,MAD,2026-08,return,12,2026-08-12,599,ok,2026-04-30T12:35:36Z
WAW-MAD,WAW,MAD,2026-08,return,13,2026-08-13,849,ok,2026-04-30T12:35:36Z
WAW-MAD,WAW,MAD,2026-08,return,14,2026-08-14,1049,ok,2026-04-30T12:35:36Z
WAW-MAD,WAW,MAD,2026-08,return,15,2026-08-15,959,ok,2026-04-30T12:35:36Z
WAW-MAD,WAW,MAD,2026-08,return,16,2026-08-16,1139,ok,2026-04-30T12:35:36Z
WAW-MAD,WAW,MAD,2026-08,return,17,2026-08-17,1049,ok,2026-04-30T12:35:36Z
WAW-MAD,WAW,MAD,2026-08,return,18,2026-08-18,1049,ok,2026-04-30T12:35:36Z
WAW-MAD,WAW,MAD,2026-08,return,19,2026-08-19,669,ok,2026-04-30T12:35:36Z
WAW-MAD,WAW,MAD,2026-08,return,20,2026-08-20,849,ok,2026-04-30T12:35:36Z
WAW-MAD,WAW,MAD,2026-08,return,21,2026-08-21,719,ok,2026-04-30T12:35:36Z
WAW-MAD,WAW,MAD,2026-08,return,22,2026-08-22,559,ok,2026-04-30T12:35:36Z
WAW-MAD,WAW,MAD,2026-08,return,23,2026-08-23,719,ok,2026-04-30T12:35:36Z
WAW-MAD,WAW,MAD,2026-08,return,24,2026-08-24,959,ok,2026-04-30T12:35:36Z
WAW-MAD,WAW,MAD,2026-08,return,25,2026-08-25,719,ok,2026-04-30T12:35:36Z
WAW-MAD,WAW,MAD,2026-08,return,26,2026-08-26,449,ok,2026-04-30T12:35:36Z
WAW-MAD,WAW,MAD,2026-08,return,27,2026-08-27,559,ok,2026-04-30T12:35:36Z
WAW-MAD,WAW,MAD,2026-08,return,28,2026-08-28,449,ok,2026-04-30T12:35:36Z
WAW-MAD,WAW,MAD,2026-08,return,29,2026-08-29,719,ok,2026-04-30T12:35:36Z
WAW-MAD,WAW,MAD,2026-08,return,30,2026-08-30,959,ok,2026-04-30T12:35:36Z
WAW-MAD,WAW,MAD,2026-08,return,31,2026-08-31,559,ok,2026-04-30T12:35:36Z
WAW-BCN,WAW,BCN,2026-05,outbound,1,2026-05-01,509,ok,2026-04-30T12:35:36Z
WAW-BCN,WAW,BCN,2026-05,outbound,2,2026-05-02,559,ok,2026-04-30T12:35:36Z
WAW-BCN,WAW,BCN,2026-05,outbound,3,2026-05-03,449,ok,2026-04-30T12:35:36Z
WAW-BCN,WAW,BCN,2026-05,outbound,4,2026-05-04,49,ok,2026-04-30T12:35:36Z
WAW-BCN,WAW,BCN,2026-05,outbound,5,2026-05-05,9,ok,2026-04-30T12:35:36Z
WAW-BCN,WAW,BCN,2026-05,outbound,6,2026-05-06,359,ok,2026-04-30T12:35:36Z
WAW-BCN,WAW,BCN,2026-05,outbound,7,2026-05-07,359,ok,2026-04-30T12:35:36Z
WAW-BCN,WAW,BCN,2026-05,outbound,8,2026-05-08,289,ok,2026-04-30T12:35:36Z
WAW-BCN,WAW,BCN,2026-05,outbound,9,2026-05-09,1789,ok,2026-04-30T12:35:36Z
WAW-BCN,WAW,BCN,2026-05,outbound,10,2026-05-10,289,ok,2026-04-30T12:35:36Z
WAW-BCN,WAW,BCN,2026-05,outbound,11,2026-05-11,269,ok,2026-04-30T12:35:36Z
WAW-BCN,WAW,BCN,2026-05,outbound,12,2026-05-12,249,ok,2026-04-30T12:35:36Z
WAW-BCN,WAW,BCN,2026-05,outbound,13,2026-05-13,139,ok,2026-04-30T12:35:36Z
WAW-BCN,WAW,BCN,2026-05,outbound,14,2026-05-14,219,ok,2026-04-30T12:35:36Z
WAW-BCN,WAW,BCN,2026-05,outbound,15,2026-05-15,359,ok,2026-04-30T12:35:36Z
WAW-BCN,WAW,BCN,2026-05,outbound,16,2026-05-16,449,ok,2026-04-30T12:35:36Z
WAW-BCN,WAW,BCN,2026-05,outbound,17,2026-05-17,89,ok,2026-04-30T12:35:36Z
WAW-BCN,WAW,BCN,2026-05,outbound,18,2026-05-18,209,ok,2026-04-30T12:35:36Z
WAW-BCN,WAW,BCN,2026-05,outbound,19,2026-05-19,209,ok,2026-04-30T12:35:36Z
WAW-BCN,WAW,BCN,2026-05,outbound,20,2026-05-20,159,ok,2026-04-30T12:35:36Z
WAW-BCN,WAW,BCN,2026-05,outbound,21,2026-05-21,249,ok,2026-04-30T12:35:36Z
WAW-BCN,WAW,BCN,2026-05,outbound,22,2026-05-22,249,ok,2026-04-30T12:35:36Z
WAW-BCN,WAW,BCN,2026-05,outbound,23,2026-05-23,209,ok,2026-04-30T12:35:36Z
WAW-BCN,WAW,BCN,2026-05,outbound,24,2026-05-24,209,ok,2026-04-30T12:35:36Z
WAW-BCN,WAW,BCN,2026-05,outbound,25,2026-05-25,129,ok,2026-04-30T12:35:36Z
WAW-BCN,WAW,BCN,2026-05,outbound,26,2026-05-26,179,ok,2026-04-30T12:35:36Z
WAW-BCN,WAW,BCN,2026-05,outbound,27,2026-05-27,179,ok,2026-04-30T12:35:36Z
WAW-BCN,WAW,BCN,2026-05,outbound,28,2026-05-28,289,ok,2026-04-30T12:35:36Z
WAW-BCN,WAW,BCN,2026-05,outbound,29,2026-05-29,359,ok,2026-04-30T12:35:36Z
WAW-BCN,WAW,BCN,2026-05,outbound,30,2026-05-30,289,ok,2026-04-30T12:35:36Z
WAW-BCN,WAW,BCN,2026-05,outbound,31,2026-05-31,359,ok,2026-04-30T12:35:36Z
WAW-BCN,WAW,BCN,2026-05,return,1,2026-05-01,399,ok,2026-04-30T12:35:36Z
WAW-BCN,WAW,BCN,2026-05,return,2,2026-05-02,309,ok,2026-04-30T12:35:36Z
WAW-BCN,WAW,BCN,2026-05,return,3,2026-05-03,849,ok,2026-04-30T12:35:36Z
WAW-BCN,WAW,BCN,2026-05,return,4,2026-05-04,669,ok,2026-04-30T12:35:36Z
WAW-BCN,WAW,BCN,2026-05,return,5,2026-05-05,1049,ok,2026-04-30T12:35:36Z
WAW-BCN,WAW,BCN,2026-05,return,6,2026-05-06,359,ok,2026-04-30T12:35:36Z
WAW-BCN,WAW,BCN,2026-05,return,7,2026-05-07,669,ok,2026-04-30T12:35:36Z
WAW-BCN,WAW,BCN,2026-05,return,8,2026-05-08,49,ok,2026-04-30T12:35:36Z
WAW-BCN,WAW,BCN,2026-05,return,9,2026-05-09,959,ok,2026-04-30T12:35:36Z
WAW-BCN,WAW,BCN,2026-05,return,10,2026-05-10,359,ok,2026-04-30T12:35:36Z
WAW-BCN,WAW,BCN,2026-05,return,12,2026-05-12,669,ok,2026-04-30T12:35:36Z
WAW-BCN,WAW,BCN,2026-05,return,13,2026-05-13,559,ok,2026-04-30T12:35:36Z
WAW-BCN,WAW,BCN,2026-05,return,14,2026-05-14,359,ok,2026-04-30T12:35:36Z
WAW-BCN,WAW,BCN,2026-05,return,15,2026-05-15,249,ok,2026-04-30T12:35:36Z
WAW-BCN,WAW,BCN,2026-05,return,16,2026-05-16,399,ok,2026-04-30T12:35:36Z
WAW-BCN,WAW,BCN,2026-05,return,17,2026-05-17,309,ok,2026-04-30T12:35:36Z
WAW-BCN,WAW,BCN,2026-05,return,18,2026-05-18,449,ok,2026-04-30T12:35:36Z
WAW-BCN,WAW,BCN,2026-05,return,19,2026-05-19,399,ok,2026-04-30T12:35:36Z
WAW-BCN,WAW,BCN,2026-05,return,20,2026-05-20,219,ok,2026-04-30T12:35:36Z
WAW-BCN,WAW,BCN,2026-05,return,21,2026-05-21,249,ok,2026-04-30T12:35:36Z
WAW-BCN,WAW,BCN,2026-05,return,22,2026-05-22,289,ok,2026-04-30T12:35:36Z
WAW-BCN,WAW,BCN,2026-05,return,23,2026-05-23,599,ok,2026-04-30T12:35:36Z
WAW-BCN,WAW,BCN,2026-05,return,24,2026-05-24,249,ok,2026-04-30T12:35:36Z
WAW-BCN,WAW,BCN,2026-05,return,25,2026-05-25,269,ok,2026-04-30T12:35:36Z
WAW-BCN,WAW,BCN,2026-05,return,26,2026-05-26,179,ok,2026-04-30T12:35:36Z
WAW-BCN,WAW,BCN,2026-05,return,27,2026-05-27,129,ok,2026-04-30T12:35:36Z
WAW-BCN,WAW,BCN,2026-05,return,28,2026-05-28,179,ok,2026-04-30T12:35:36Z
WAW-BCN,WAW,BCN,2026-05,return,29,2026-05-29,209,ok,2026-04-30T12:35:36Z
WAW-BCN,WAW,BCN,2026-05,return,30,2026-05-30,359,ok,2026-04-30T12:35:36Z
WAW-BCN,WAW,BCN,2026-05,return,31,2026-05-31,289,ok,2026-04-30T12:35:36Z
WAW-BCN,WAW,BCN,2026-06,outbound,1,2026-06-01,179,ok,2026-04-30T12:35:36Z
WAW-BCN,WAW,BCN,2026-06,outbound,2,2026-06-02,269,ok,2026-04-30T12:35:36Z
WAW-BCN,WAW,BCN,2026-06,outbound,3,2026-06-03,309,ok,2026-04-30T12:35:36Z
WAW-BCN,WAW,BCN,2026-06,outbound,4,2026-06-04,289,ok,2026-04-30T12:35:36Z
WAW-BCN,WAW,BCN,2026-06,outbound,5,2026-06-05,209,ok,2026-04-30T12:35:36Z
WAW-BCN,WAW,BCN,2026-06,outbound,6,2026-06-06,179,ok,2026-04-30T12:35:36Z
WAW-BCN,WAW,BCN,2026-06,outbound,7,2026-06-07,129,ok,2026-04-30T12:35:36Z
WAW-BCN,WAW,BCN,2026-06,outbound,8,2026-06-08,129,ok,2026-04-30T12:35:36Z
WAW-BCN,WAW,BCN,2026-06,outbound,9,2026-06-09,179,ok,2026-04-30T12:35:36Z
WAW-BCN,WAW,BCN,2026-06,outbound,10,2026-06-10,179,ok,2026-04-30T12:35:36Z
WAW-BCN,WAW,BCN,2026-06,outbound,11,2026-06-11,249,ok,2026-04-30T12:35:36Z
WAW-BCN,WAW,BCN,2026-06,outbound,12,2026-06-12,249,ok,2026-04-30T12:35:36Z
WAW-BCN,WAW,BCN,2026-06,outbound,13,2026-06-13,249,ok,2026-04-30T12:35:36Z
WAW-BCN,WAW,BCN,2026-06,outbound,14,2026-06-14,129,ok,2026-04-30T12:35:36Z
WAW-BCN,WAW,BCN,2026-06,outbound,15,2026-06-15,129,ok,2026-04-30T12:35:36Z
WAW-BCN,WAW,BCN,2026-06,outbound,16,2026-06-16,179,ok,2026-04-30T12:35:36Z
WAW-BCN,WAW,BCN,2026-06,outbound,17,2026-06-17,209,ok,2026-04-30T12:35:36Z
WAW-BCN,WAW,BCN,2026-06,outbound,18,2026-06-18,179,ok,2026-04-30T12:35:36Z
WAW-BCN,WAW,BCN,2026-06,outbound,19,2026-06-19,159,ok,2026-04-30T12:35:36Z
WAW-BCN,WAW,BCN,2026-06,outbound,20,2026-06-20,249,ok,2026-04-30T12:35:36Z
WAW-BCN,WAW,BCN,2026-06,outbound,21,2026-06-21,129,ok,2026-04-30T12:35:36Z
WAW-BCN,WAW,BCN,2026-06,outbound,22,2026-06-22,139,ok,2026-04-30T12:35:36Z
WAW-BCN,WAW,BCN,2026-06,outbound,23,2026-06-23,179,ok,2026-04-30T12:35:36Z
WAW-BCN,WAW,BCN,2026-06,outbound,24,2026-06-24,129,ok,2026-04-30T12:35:36Z
WAW-BCN,WAW,BCN,2026-06,outbound,25,2026-06-25,219,ok,2026-04-30T12:35:36Z
WAW-BCN,WAW,BCN,2026-06,outbound,26,2026-06-26,179,ok,2026-04-30T12:35:36Z
WAW-BCN,WAW,BCN,2026-06,outbound,27,2026-06-27,399,ok,2026-04-30T12:35:36Z
WAW-BCN,WAW,BCN,2026-06,outbound,28,2026-06-28,139,ok,2026-04-30T12:35:36Z
WAW-BCN,WAW,BCN,2026-06,outbound,29,2026-06-29,179,ok,2026-04-30T12:35:36Z
WAW-BCN,WAW,BCN,2026-06,outbound,30,2026-06-30,219,ok,2026-04-30T12:35:36Z
WAW-BCN,WAW,BCN,2026-06,return,1,2026-06-01,219,ok,2026-04-30T12:35:36Z
WAW-BCN,WAW,BCN,2026-06,return,2,2026-06-02,179,ok,2026-04-30T12:35:36Z
WAW-BCN,WAW,BCN,2026-06,return,3,2026-06-03,209,ok,2026-04-30T12:35:36Z
WAW-BCN,WAW,BCN,2026-06,return,4,2026-06-04,249,ok,2026-04-30T12:35:36Z
WAW-BCN,WAW,BCN,2026-06,return,5,2026-06-05,209,ok,2026-04-30T12:35:36Z
WAW-BCN,WAW,BCN,2026-06,return,6,2026-06-06,359,ok,2026-04-30T12:35:36Z
WAW-BCN,WAW,BCN,2026-06,return,7,2026-06-07,719,ok,2026-04-30T12:35:36Z
WAW-BCN,WAW,BCN,2026-06,return,8,2026-06-08,359,ok,2026-04-30T12:35:36Z
WAW-BCN,WAW,BCN,2026-06,return,9,2026-06-09,209,ok,2026-04-30T12:35:36Z
WAW-BCN,WAW,BCN,2026-06,return,10,2026-06-10,129,ok,2026-04-30T12:35:36Z
WAW-BCN,WAW,BCN,2026-06,return,11,2026-06-11,179,ok,2026-04-30T12:35:36Z
WAW-BCN,WAW,BCN,2026-06,return,12,2026-06-12,209,ok,2026-04-30T12:35:36Z
WAW-BCN,WAW,BCN,2026-06,return,13,2026-06-13,179,ok,2026-04-30T12:35:36Z
WAW-BCN,WAW,BCN,2026-06,return,14,2026-06-14,249,ok,2026-04-30T12:35:36Z
WAW-BCN,WAW,BCN,2026-06,return,15,2026-06-15,159,ok,2026-04-30T12:35:36Z
WAW-BCN,WAW,BCN,2026-06,return,16,2026-06-16,219,ok,2026-04-30T12:35:36Z
WAW-BCN,WAW,BCN,2026-06,return,17,2026-06-17,179,ok,2026-04-30T12:35:36Z
WAW-BCN,WAW,BCN,2026-06,return,18,2026-06-18,179,ok,2026-04-30T12:35:36Z
WAW-BCN,WAW,BCN,2026-06,return,19,2026-06-19,179,ok,2026-04-30T12:35:36Z
WAW-BCN,WAW,BCN,2026-06,return,20,2026-06-20,209,ok,2026-04-30T12:35:36Z
WAW-BCN,WAW,BCN,2026-06,return,21,2026-06-21,219,ok,2026-04-30T12:35:36Z
WAW-BCN,WAW,BCN,2026-06,return,22,2026-06-22,249,ok,2026-04-30T12:35:36Z
WAW-BCN,WAW,BCN,2026-06,return,23,2026-06-23,179,ok,2026-04-30T12:35:36Z
WAW-BCN,WAW,BCN,2026-06,return,24,2026-06-24,209,ok,2026-04-30T12:35:36Z
WAW-BCN,WAW,BCN,2026-06,return,25,2026-06-25,309,ok,2026-04-30T12:35:36Z
WAW-BCN,WAW,BCN,2026-06,return,26,2026-06-26,289,ok,2026-04-30T12:35:36Z
WAW-BCN,WAW,BCN,2026-06,return,27,2026-06-27,269,ok,2026-04-30T12:35:36Z
WAW-BCN,WAW,BCN,2026-06,return,28,2026-06-28,289,ok,2026-04-30T12:35:36Z
WAW-BCN,WAW,BCN,2026-06,return,29,2026-06-29,219,ok,2026-04-30T12:35:36Z
WAW-BCN,WAW,BCN,2026-06,return,30,2026-06-30,209,ok,2026-04-30T12:35:36Z
WAW-BCN,WAW,BCN,2026-07,outbound,1,2026-07-01,249,ok,2026-04-30T12:35:36Z
WAW-BCN,WAW,BCN,2026-07,outbound,2,2026-07-02,219,ok,2026-04-30T12:35:36Z
WAW-BCN,WAW,BCN,2026-07,outbound,3,2026-07-03,179,ok,2026-04-30T12:35:36Z
WAW-BCN,WAW,BCN,2026-07,outbound,4,2026-07-04,179,ok,2026-04-30T12:35:36Z
WAW-BCN,WAW,BCN,2026-07,outbound,5,2026-07-05,179,ok,2026-04-30T12:35:36Z
WAW-BCN,WAW,BCN,2026-07,outbound,6,2026-07-06,179,ok,2026-04-30T12:35:36Z
WAW-BCN,WAW,BCN,2026-07,outbound,7,2026-07-07,179,ok,2026-04-30T12:35:36Z
WAW-BCN,WAW,BCN,2026-07,outbound,8,2026-07-08,179,ok,2026-04-30T12:35:36Z
WAW-BCN,WAW,BCN,2026-07,outbound,9,2026-07-09,179,ok,2026-04-30T12:35:36Z
WAW-BCN,WAW,BCN,2026-07,outbound,10,2026-07-10,179,ok,2026-04-30T12:35:36Z
WAW-BCN,WAW,BCN,2026-07,outbound,11,2026-07-11,179,ok,2026-04-30T12:35:36Z
WAW-BCN,WAW,BCN,2026-07,outbound,12,2026-07-12,179,ok,2026-04-30T12:35:36Z
WAW-BCN,WAW,BCN,2026-07,outbound,13,2026-07-13,179,ok,2026-04-30T12:35:36Z
WAW-BCN,WAW,BCN,2026-07,outbound,14,2026-07-14,209,ok,2026-04-30T12:35:36Z
WAW-BCN,WAW,BCN,2026-07,outbound,15,2026-07-15,599,ok,2026-04-30T12:35:36Z
WAW-BCN,WAW,BCN,2026-07,outbound,16,2026-07-16,359,ok,2026-04-30T12:35:36Z
WAW-BCN,WAW,BCN,2026-07,outbound,17,2026-07-17,179,ok,2026-04-30T12:35:36Z
WAW-BCN,WAW,BCN,2026-07,outbound,18,2026-07-18,219,ok,2026-04-30T12:35:36Z
WAW-BCN,WAW,BCN,2026-07,outbound,19,2026-07-19,219,ok,2026-04-30T12:35:36Z
WAW-BCN,WAW,BCN,2026-07,outbound,20,2026-07-20,179,ok,2026-04-30T12:35:36Z
WAW-BCN,WAW,BCN,2026-07,outbound,21,2026-07-21,179,ok,2026-04-30T12:35:36Z
WAW-BCN,WAW,BCN,2026-07,outbound,22,2026-07-22,179,ok,2026-04-30T12:35:36Z
WAW-BCN,WAW,BCN,2026-07,outbound,23,2026-07-23,209,ok,2026-04-30T12:35:36Z
WAW-BCN,WAW,BCN,2026-07,outbound,24,2026-07-24,179,ok,2026-04-30T12:35:36Z
WAW-BCN,WAW,BCN,2026-07,outbound,25,2026-07-25,179,ok,2026-04-30T12:35:36Z
WAW-BCN,WAW,BCN,2026-07,outbound,26,2026-07-26,179,ok,2026-04-30T12:35:36Z
WAW-BCN,WAW,BCN,2026-07,outbound,27,2026-07-27,129,ok,2026-04-30T12:35:36Z
WAW-BCN,WAW,BCN,2026-07,outbound,28,2026-07-28,209,ok,2026-04-30T12:35:36Z
WAW-BCN,WAW,BCN,2026-07,outbound,29,2026-07-29,179,ok,2026-04-30T12:35:36Z
WAW-BCN,WAW,BCN,2026-07,outbound,30,2026-07-30,179,ok,2026-04-30T12:35:36Z
WAW-BCN,WAW,BCN,2026-07,outbound,31,2026-07-31,219,ok,2026-04-30T12:35:36Z
WAW-BCN,WAW,BCN,2026-07,return,1,2026-07-01,219,ok,2026-04-30T12:35:36Z
WAW-BCN,WAW,BCN,2026-07,return,2,2026-07-02,269,ok,2026-04-30T12:35:36Z
WAW-BCN,WAW,BCN,2026-07,return,3,2026-07-03,289,ok,2026-04-30T12:35:36Z
WAW-BCN,WAW,BCN,2026-07,return,4,2026-07-04,249,ok,2026-04-30T12:35:36Z
WAW-BCN,WAW,BCN,2026-07,return,5,2026-07-05,269,ok,2026-04-30T12:35:36Z
WAW-BCN,WAW,BCN,2026-07,return,6,2026-07-06,249,ok,2026-04-30T12:35:36Z
WAW-BCN,WAW,BCN,2026-07,return,7,2026-07-07,249,ok,2026-04-30T12:35:36Z
WAW-BCN,WAW,BCN,2026-07,return,8,2026-07-08,219,ok,2026-04-30T12:35:36Z
WAW-BCN,WAW,BCN,2026-07,return,9,2026-07-09,269,ok,2026-04-30T12:35:36Z
WAW-BCN,WAW,BCN,2026-07,return,10,2026-07-10,269,ok,2026-04-30T12:35:36Z
WAW-BCN,WAW,BCN,2026-07,return,11,2026-07-11,309,ok,2026-04-30T12:35:36Z
WAW-BCN,WAW,BCN,2026-07,return,12,2026-07-12,209,ok,2026-04-30T12:35:36Z
WAW-BCN,WAW,BCN,2026-07,return,13,2026-07-13,449,ok,2026-04-30T12:35:36Z
WAW-BCN,WAW,BCN,2026-07,return,14,2026-07-14,219,ok,2026-04-30T12:35:36Z
WAW-BCN,WAW,BCN,2026-07,return,15,2026-07-15,249,ok,2026-04-30T12:35:36Z
WAW-BCN,WAW,BCN,2026-07,return,16,2026-07-16,449,ok,2026-04-30T12:35:36Z
WAW-BCN,WAW,BCN,2026-07,return,17,2026-07-17,359,ok,2026-04-30T12:35:36Z
WAW-BCN,WAW,BCN,2026-07,return,18,2026-07-18,359,ok,2026-04-30T12:35:36Z
WAW-BCN,WAW,BCN,2026-07,return,19,2026-07-19,269,ok,2026-04-30T12:35:36Z
WAW-BCN,WAW,BCN,2026-07,return,20,2026-07-20,249,ok,2026-04-30T12:35:36Z
WAW-BCN,WAW,BCN,2026-07,return,21,2026-07-21,179,ok,2026-04-30T12:35:36Z
WAW-BCN,WAW,BCN,2026-07,return,22,2026-07-22,269,ok,2026-04-30T12:35:36Z
WAW-BCN,WAW,BCN,2026-07,return,23,2026-07-23,269,ok,2026-04-30T12:35:36Z
WAW-BCN,WAW,BCN,2026-07,return,24,2026-07-24,209,ok,2026-04-30T12:35:36Z
WAW-BCN,WAW,BCN,2026-07,return,25,2026-07-25,179,ok,2026-04-30T12:35:36Z
WAW-BCN,WAW,BCN,2026-07,return,26,2026-07-26,289,ok,2026-04-30T12:35:36Z
WAW-BCN,WAW,BCN,2026-07,return,27,2026-07-27,269,ok,2026-04-30T12:35:36Z
WAW-BCN,WAW,BCN,2026-07,return,28,2026-07-28,179,ok,2026-04-30T12:35:36Z
WAW-BCN,WAW,BCN,2026-07,return,29,2026-07-29,179,ok,2026-04-30T12:35:36Z
WAW-BCN,WAW,BCN,2026-07,return,30,2026-07-30,289,ok,2026-04-30T12:35:36Z
WAW-BCN,WAW,BCN,2026-07,return,31,2026-07-31,359,ok,2026-04-30T12:35:36Z
WAW-BCN,WAW,BCN,2026-08,outbound,1,2026-08-01,309,ok,2026-04-30T12:35:36Z
WAW-BCN,WAW,BCN,2026-08,outbound,2,2026-08-02,179,ok,2026-04-30T12:35:36Z
WAW-BCN,WAW,BCN,2026-08,outbound,3,2026-08-03,9,ok,2026-04-30T12:35:36Z
WAW-BCN,WAW,BCN,2026-08,outbound,4,2026-08-04,289,ok,2026-04-30T12:35:36Z
WAW-BCN,WAW,BCN,2026-08,outbound,5,2026-08-05,209,ok,2026-04-30T12:35:36Z
WAW-BCN,WAW,BCN,2026-08,outbound,6,2026-08-06,309,ok,2026-04-30T12:35:36Z
WAW-BCN,WAW,BCN,2026-08,outbound,7,2026-08-07,359,ok,2026-04-30T12:35:36Z
WAW-BCN,WAW,BCN,2026-08,outbound,8,2026-08-08,559,ok,2026-04-30T12:35:36Z
WAW-BCN,WAW,BCN,2026-08,outbound,9,2026-08-09,449,ok,2026-04-30T12:35:36Z
WAW-BCN,WAW,BCN,2026-08,outbound,10,2026-08-10,449,ok,2026-04-30T12:35:36Z
WAW-BCN,WAW,BCN,2026-08,outbound,11,2026-08-11,309,ok,2026-04-30T12:35:36Z
WAW-BCN,WAW,BCN,2026-08,outbound,12,2026-08-12,219,ok,2026-04-30T12:35:36Z
WAW-BCN,WAW,BCN,2026-08,outbound,13,2026-08-13,269,ok,2026-04-30T12:35:36Z
WAW-BCN,WAW,BCN,2026-08,outbound,14,2026-08-14,269,ok,2026-04-30T12:35:36Z
WAW-BCN,WAW,BCN,2026-08,outbound,15,2026-08-15,449,ok,2026-04-30T12:35:36Z
WAW-BCN,WAW,BCN,2026-08,outbound,16,2026-08-16,289,ok,2026-04-30T12:35:36Z
WAW-BCN,WAW,BCN,2026-08,outbound,17,2026-08-17,359,ok,2026-04-30T12:35:36Z
WAW-BCN,WAW,BCN,2026-08,outbound,18,2026-08-18,289,ok,2026-04-30T12:35:36Z
WAW-BCN,WAW,BCN,2026-08,outbound,19,2026-08-19,309,ok,2026-04-30T12:35:36Z
WAW-BCN,WAW,BCN,2026-08,outbound,20,2026-08-20,359,ok,2026-04-30T12:35:36Z
WAW-BCN,WAW,BCN,2026-08,outbound,21,2026-08-21,309,ok,2026-04-30T12:35:36Z
WAW-BCN,WAW,BCN,2026-08,outbound,22,2026-08-22,509,ok,2026-04-30T12:35:36Z
WAW-BCN,WAW,BCN,2026-08,outbound,23,2026-08-23,399,ok,2026-04-30T12:35:36Z
WAW-BCN,WAW,BCN,2026-08,outbound,24,2026-08-24,399,ok,2026-04-30T12:35:36Z
WAW-BCN,WAW,BCN,2026-08,outbound,25,2026-08-25,289,ok,2026-04-30T12:35:36Z
WAW-BCN,WAW,BCN,2026-08,outbound,26,2026-08-26,309,ok,2026-04-30T12:35:36Z
WAW-BCN,WAW,BCN,2026-08,outbound,27,2026-08-27,309,ok,2026-04-30T12:35:36Z
WAW-BCN,WAW,BCN,2026-08,outbound,28,2026-08-28,289,ok,2026-04-30T12:35:36Z
WAW-BCN,WAW,BCN,2026-08,outbound,29,2026-08-29,359,ok,2026-04-30T12:35:36Z
WAW-BCN,WAW,BCN,2026-08,outbound,30,2026-08-30,289,ok,2026-04-30T12:35:36Z
WAW-BCN,WAW,BCN,2026-08,outbound,31,2026-08-31,309,ok,2026-04-30T12:35:36Z
WAW-BCN,WAW,BCN,2026-08,return,1,2026-08-01,559,ok,2026-04-30T12:35:36Z
WAW-BCN,WAW,BCN,2026-08,return,2,2026-08-02,449,ok,2026-04-30T12:35:36Z
WAW-BCN,WAW,BCN,2026-08,return,3,2026-08-03,509,ok,2026-04-30T12:35:36Z
WAW-BCN,WAW,BCN,2026-08,return,4,2026-08-04,49,ok,2026-04-30T12:35:36Z
WAW-BCN,WAW,BCN,2026-08,return,5,2026-08-05,59,ok,2026-04-30T12:35:36Z
WAW-BCN,WAW,BCN,2026-08,return,6,2026-08-06,359,ok,2026-04-30T12:35:36Z
WAW-BCN,WAW,BCN,2026-08,return,7,2026-08-07,449,ok,2026-04-30T12:35:36Z
WAW-BCN,WAW,BCN,2026-08,return,8,2026-08-08,509,ok,2026-04-30T12:35:36Z
WAW-BCN,WAW,BCN,2026-08,return,9,2026-08-09,559,ok,2026-04-30T12:35:36Z
WAW-BCN,WAW,BCN,2026-08,return,10,2026-08-10,509,ok,2026-04-30T12:35:36Z
WAW-BCN,WAW,BCN,2026-08,return,11,2026-08-11,359,ok,2026-04-30T12:35:36Z
WAW-BCN,WAW,BCN,2026-08,return,12,2026-08-12,309,ok,2026-04-30T12:35:36Z
WAW-BCN,WAW,BCN,2026-08,return,13,2026-08-13,509,ok,2026-04-30T12:35:36Z
WAW-BCN,WAW,BCN,2026-08,return,14,2026-08-14,599,ok,2026-04-30T12:35:36Z
WAW-BCN,WAW,BCN,2026-08,return,15,2026-08-15,559,ok,2026-04-30T12:35:36Z
WAW-BCN,WAW,BCN,2026-08,return,16,2026-08-16,599,ok,2026-04-30T12:35:36Z
WAW-BCN,WAW,BCN,2026-08,return,17,2026-08-17,399,ok,2026-04-30T12:35:36Z
WAW-BCN,WAW,BCN,2026-08,return,18,2026-08-18,359,ok,2026-04-30T12:35:36Z
WAW-BCN,WAW,BCN,2026-08,return,19,2026-08-19,309,ok,2026-04-30T12:35:36Z
WAW-BCN,WAW,BCN,2026-08,return,20,2026-08-20,359,ok,2026-04-30T12:35:36Z
WAW-BCN,WAW,BCN,2026-08,return,21,2026-08-21,309,ok,2026-04-30T12:35:36Z
WAW-BCN,WAW,BCN,2026-08,return,22,2026-08-22,359,ok,2026-04-30T12:35:36Z
WAW-BCN,WAW,BCN,2026-08,return,23,2026-08-23,399,ok,2026-04-30T12:35:36Z
WAW-BCN,WAW,BCN,2026-08,return,24,2026-08-24,399,ok,2026-04-30T12:35:36Z
WAW-BCN,WAW,BCN,2026-08,return,25,2026-08-25,269,ok,2026-04-30T12:35:36Z
WAW-BCN,WAW,BCN,2026-08,return,26,2026-08-26,289,ok,2026-04-30T12:35:36Z
WAW-BCN,WAW,BCN,2026-08,return,27,2026-08-27,359,ok,2026-04-30T12:35:36Z
WAW-BCN,WAW,BCN,2026-08,return,28,2026-08-28,399,ok,2026-04-30T12:35:36Z
WAW-BCN,WAW,BCN,2026-08,return,29,2026-08-29,449,ok,2026-04-30T12:35:36Z
WAW-BCN,WAW,BCN,2026-08,return,30,2026-08-30,509,ok,2026-04-30T12:35:36Z
WAW-BCN,WAW,BCN,2026-08,return,31,2026-08-31,289,ok,2026-04-30T12:35:36Z
WAW-AGP,WAW,AGP,2026-05,outbound,2,2026-05-02,669,ok,2026-04-30T12:35:36Z
WAW-AGP,WAW,AGP,2026-05,outbound,3,2026-05-03,599,ok,2026-04-30T12:35:36Z
WAW-AGP,WAW,AGP,2026-05,outbound,4,2026-05-04,509,ok,2026-04-30T12:35:36Z
WAW-AGP,WAW,AGP,2026-05,outbound,5,2026-05-05,99,ok,2026-04-30T12:35:36Z
WAW-AGP,WAW,AGP,2026-05,outbound,6,2026-05-06,69,ok,2026-04-30T12:35:36Z
WAW-AGP,WAW,AGP,2026-05,outbound,7,2026-05-07,289,ok,2026-04-30T12:35:36Z
WAW-AGP,WAW,AGP,2026-05,outbound,8,2026-05-08,559,ok,2026-04-30T12:35:36Z
WAW-AGP,WAW,AGP,2026-05,outbound,9,2026-05-09,559,ok,2026-04-30T12:35:36Z
WAW-AGP,WAW,AGP,2026-05,outbound,10,2026-05-10,509,ok,2026-04-30T12:35:36Z
WAW-AGP,WAW,AGP,2026-05,outbound,11,2026-05-11,359,ok,2026-04-30T12:35:36Z
WAW-AGP,WAW,AGP,2026-05,outbound,12,2026-05-12,269,ok,2026-04-30T12:35:36Z
WAW-AGP,WAW,AGP,2026-05,outbound,13,2026-05-13,289,ok,2026-04-30T12:35:36Z
WAW-AGP,WAW,AGP,2026-05,outbound,14,2026-05-14,219,ok,2026-04-30T12:35:36Z
WAW-AGP,WAW,AGP,2026-05,outbound,15,2026-05-15,289,ok,2026-04-30T12:35:36Z
WAW-AGP,WAW,AGP,2026-05,outbound,16,2026-05-16,219,ok,2026-04-30T12:35:36Z
WAW-AGP,WAW,AGP,2026-05,outbound,17,2026-05-17,289,ok,2026-04-30T12:35:36Z
WAW-AGP,WAW,AGP,2026-05,outbound,18,2026-05-18,219,ok,2026-04-30T12:35:36Z
WAW-AGP,WAW,AGP,2026-05,outbound,19,2026-05-19,219,ok,2026-04-30T12:35:36Z
WAW-AGP,WAW,AGP,2026-05,outbound,20,2026-05-20,269,ok,2026-04-30T12:35:36Z
WAW-AGP,WAW,AGP,2026-05,outbound,21,2026-05-21,269,ok,2026-04-30T12:35:36Z
WAW-AGP,WAW,AGP,2026-05,outbound,22,2026-05-22,289,ok,2026-04-30T12:35:36Z
WAW-AGP,WAW,AGP,2026-05,outbound,23,2026-05-23,269,ok,2026-04-30T12:35:36Z
WAW-AGP,WAW,AGP,2026-05,outbound,24,2026-05-24,309,ok,2026-04-30T12:35:36Z
WAW-AGP,WAW,AGP,2026-05,outbound,25,2026-05-25,249,ok,2026-04-30T12:35:36Z
WAW-AGP,WAW,AGP,2026-05,outbound,26,2026-05-26,219,ok,2026-04-30T12:35:36Z
WAW-AGP,WAW,AGP,2026-05,outbound,27,2026-05-27,249,ok,2026-04-30T12:35:36Z
WAW-AGP,WAW,AGP,2026-05,outbound,28,2026-05-28,219,ok,2026-04-30T12:35:36Z
WAW-AGP,WAW,AGP,2026-05,outbound,29,2026-05-29,289,ok,2026-04-30T12:35:36Z
WAW-AGP,WAW,AGP,2026-05,outbound,30,2026-05-30,399,ok,2026-04-30T12:35:36Z
WAW-AGP,WAW,AGP,2026-05,outbound,31,2026-05-31,309,ok,2026-04-30T12:35:36Z
WAW-AGP,WAW,AGP,2026-05,return,1,2026-05-01,359,ok,2026-04-30T12:35:36Z
WAW-AGP,WAW,AGP,2026-05,return,2,2026-05-02,509,ok,2026-04-30T12:35:36Z
WAW-AGP,WAW,AGP,2026-05,return,3,2026-05-03,59,ok,2026-04-30T12:35:36Z
WAW-AGP,WAW,AGP,2026-05,return,4,2026-05-04,49,ok,2026-04-30T12:35:36Z
WAW-AGP,WAW,AGP,2026-05,return,5,2026-05-05,9,ok,2026-04-30T12:35:36Z
WAW-AGP,WAW,AGP,2026-05,return,6,2026-05-06,669,ok,2026-04-30T12:35:36Z
WAW-AGP,WAW,AGP,2026-05,return,7,2026-05-07,449,ok,2026-04-30T12:35:36Z
WAW-AGP,WAW,AGP,2026-05,return,8,2026-05-08,449,ok,2026-04-30T12:35:36Z
WAW-AGP,WAW,AGP,2026-05,return,9,2026-05-09,719,ok,2026-04-30T12:35:36Z
WAW-AGP,WAW,AGP,2026-05,return,10,2026-05-10,599,ok,2026-04-30T12:35:36Z
WAW-AGP,WAW,AGP,2026-05,return,11,2026-05-11,449,ok,2026-04-30T12:35:36Z
WAW-AGP,WAW,AGP,2026-05,return,12,2026-05-12,399,ok,2026-04-30T12:35:36Z
WAW-AGP,WAW,AGP,2026-05,return,13,2026-05-13,509,ok,2026-04-30T12:35:36Z
WAW-AGP,WAW,AGP,2026-05,return,14,2026-05-14,289,ok,2026-04-30T12:35:36Z
WAW-AGP,WAW,AGP,2026-05,return,15,2026-05-15,359,ok,2026-04-30T12:35:36Z
WAW-AGP,WAW,AGP,2026-05,return,16,2026-05-16,399,ok,2026-04-30T12:35:36Z
WAW-AGP,WAW,AGP,2026-05,return,17,2026-05-17,719,ok,2026-04-30T12:35:36Z
WAW-AGP,WAW,AGP,2026-05,return,18,2026-05-18,269,ok,2026-04-30T12:35:36Z
WAW-AGP,WAW,AGP,2026-05,return,19,2026-05-19,219,ok,2026-04-30T12:35:36Z
WAW-AGP,WAW,AGP,2026-05,return,20,2026-05-20,219,ok,2026-04-30T12:35:36Z
WAW-AGP,WAW,AGP,2026-05,return,21,2026-05-21,219,ok,2026-04-30T12:35:36Z
WAW-AGP,WAW,AGP,2026-05,return,22,2026-05-22,289,ok,2026-04-30T12:35:36Z
WAW-AGP,WAW,AGP,2026-05,return,23,2026-05-23,289,ok,2026-04-30T12:35:36Z
WAW-AGP,WAW,AGP,2026-05,return,24,2026-05-24,449,ok,2026-04-30T12:35:36Z
WAW-AGP,WAW,AGP,2026-05,return,25,2026-05-25,309,ok,2026-04-30T12:35:36Z
WAW-AGP,WAW,AGP,2026-05,return,26,2026-05-26,269,ok,2026-04-30T12:35:36Z
WAW-AGP,WAW,AGP,2026-05,return,27,2026-05-27,269,ok,2026-04-30T12:35:36Z
WAW-AGP,WAW,AGP,2026-05,return,28,2026-05-28,289,ok,2026-04-30T12:35:36Z
WAW-AGP,WAW,AGP,2026-05,return,29,2026-05-29,269,ok,2026-04-30T12:35:36Z
WAW-AGP,WAW,AGP,2026-05,return,30,2026-05-30,219,ok,2026-04-30T12:35:36Z
WAW-AGP,WAW,AGP,2026-05,return,31,2026-05-31,359,ok,2026-04-30T12:35:36Z
WAW-AGP,WAW,AGP,2026-06,outbound,1,2026-06-01,249,ok,2026-04-30T12:35:36Z
WAW-AGP,WAW,AGP,2026-06,outbound,2,2026-06-02,219,ok,2026-04-30T12:35:36Z
WAW-AGP,WAW,AGP,2026-06,outbound,3,2026-06-03,269,ok,2026-04-30T12:35:36Z
WAW-AGP,WAW,AGP,2026-06,outbound,4,2026-06-04,359,ok,2026-04-30T12:35:36Z
WAW-AGP,WAW,AGP,2026-06,outbound,5,2026-06-05,249,ok,2026-04-30T12:35:36Z
WAW-AGP,WAW,AGP,2026-06,outbound,6,2026-06-06,219,ok,2026-04-30T12:35:36Z
WAW-AGP,WAW,AGP,2026-06,outbound,7,2026-06-07,219,ok,2026-04-30T12:35:36Z
WAW-AGP,WAW,AGP,2026-06,outbound,8,2026-06-08,219,ok,2026-04-30T12:35:36Z
WAW-AGP,WAW,AGP,2026-06,outbound,9,2026-06-09,219,ok,2026-04-30T12:35:36Z
WAW-AGP,WAW,AGP,2026-06,outbound,10,2026-06-10,249,ok,2026-04-30T12:35:36Z
WAW-AGP,WAW,AGP,2026-06,outbound,11,2026-06-11,219,ok,2026-04-30T12:35:36Z
WAW-AGP,WAW,AGP,2026-06,outbound,12,2026-06-12,269,ok,2026-04-30T12:35:36Z
WAW-AGP,WAW,AGP,2026-06,outbound,13,2026-06-13,219,ok,2026-04-30T12:35:36Z
WAW-AGP,WAW,AGP,2026-06,outbound,14,2026-06-14,289,ok,2026-04-30T12:35:36Z
WAW-AGP,WAW,AGP,2026-06,outbound,15,2026-06-15,249,ok,2026-04-30T12:35:36Z
WAW-AGP,WAW,AGP,2026-06,outbound,16,2026-06-16,219,ok,2026-04-30T12:35:36Z
WAW-AGP,WAW,AGP,2026-06,outbound,17,2026-06-17,219,ok,2026-04-30T12:35:36Z
WAW-AGP,WAW,AGP,2026-06,outbound,18,2026-06-18,249,ok,2026-04-30T12:35:36Z
WAW-AGP,WAW,AGP,2026-06,outbound,19,2026-06-19,269,ok,2026-04-30T12:35:36Z
WAW-AGP,WAW,AGP,2026-06,outbound,20,2026-06-20,309,ok,2026-04-30T12:35:36Z
WAW-AGP,WAW,AGP,2026-06,outbound,21,2026-06-21,219,ok,2026-04-30T12:35:36Z
WAW-AGP,WAW,AGP,2026-06,outbound,22,2026-06-22,249,ok,2026-04-30T12:35:36Z
WAW-AGP,WAW,AGP,2026-06,outbound,23,2026-06-23,219,ok,2026-04-30T12:35:36Z
WAW-AGP,WAW,AGP,2026-06,outbound,24,2026-06-24,249,ok,2026-04-30T12:35:36Z
WAW-AGP,WAW,AGP,2026-06,outbound,25,2026-06-25,219,ok,2026-04-30T12:35:36Z
WAW-AGP,WAW,AGP,2026-06,outbound,26,2026-06-26,289,ok,2026-04-30T12:35:36Z
WAW-AGP,WAW,AGP,2026-06,outbound,27,2026-06-27,399,ok,2026-04-30T12:35:36Z
WAW-AGP,WAW,AGP,2026-06,outbound,28,2026-06-28,269,ok,2026-04-30T12:35:36Z
WAW-AGP,WAW,AGP,2026-06,outbound,29,2026-06-29,399,ok,2026-04-30T12:35:36Z
WAW-AGP,WAW,AGP,2026-06,outbound,30,2026-06-30,249,ok,2026-04-30T12:35:36Z
WAW-AGP,WAW,AGP,2026-06,return,1,2026-06-01,509,ok,2026-04-30T12:35:36Z
WAW-AGP,WAW,AGP,2026-06,return,2,2026-06-02,269,ok,2026-04-30T12:35:36Z
WAW-AGP,WAW,AGP,2026-06,return,3,2026-06-03,219,ok,2026-04-30T12:35:36Z
WAW-AGP,WAW,AGP,2026-06,return,4,2026-06-04,289,ok,2026-04-30T12:35:36Z
WAW-AGP,WAW,AGP,2026-06,return,5,2026-06-05,309,ok,2026-04-30T12:35:36Z
WAW-AGP,WAW,AGP,2026-06,return,6,2026-06-06,399,ok,2026-04-30T12:35:36Z
WAW-AGP,WAW,AGP,2026-06,return,7,2026-06-07,1659,ok,2026-04-30T12:35:36Z
WAW-AGP,WAW,AGP,2026-06,return,8,2026-06-08,809,ok,2026-04-30T12:35:36Z
WAW-AGP,WAW,AGP,2026-06,return,9,2026-06-09,559,ok,2026-04-30T12:35:36Z
WAW-AGP,WAW,AGP,2026-06,return,10,2026-06-10,399,ok,2026-04-30T12:35:36Z
WAW-AGP,WAW,AGP,2026-06,return,11,2026-06-11,509,ok,2026-04-30T12:35:36Z
WAW-AGP,WAW,AGP,2026-06,return,12,2026-06-12,399,ok,2026-04-30T12:35:36Z
WAW-AGP,WAW,AGP,2026-06,return,13,2026-06-13,509,ok,2026-04-30T12:35:36Z
WAW-AGP,WAW,AGP,2026-06,return,14,2026-06-14,599,ok,2026-04-30T12:35:36Z
WAW-AGP,WAW,AGP,2026-06,return,15,2026-06-15,449,ok,2026-04-30T12:35:36Z
WAW-AGP,WAW,AGP,2026-06,return,16,2026-06-16,59,ok,2026-04-30T12:35:36Z
WAW-AGP,WAW,AGP,2026-06,return,17,2026-06-17,449,ok,2026-04-30T12:35:36Z
WAW-AGP,WAW,AGP,2026-06,return,18,2026-06-18,249,ok,2026-04-30T12:35:36Z
WAW-AGP,WAW,AGP,2026-06,return,19,2026-06-19,449,ok,2026-04-30T12:35:36Z
WAW-AGP,WAW,AGP,2026-06,return,20,2026-06-20,359,ok,2026-04-30T12:35:36Z
WAW-AGP,WAW,AGP,2026-06,return,21,2026-06-21,359,ok,2026-04-30T12:35:36Z
WAW-AGP,WAW,AGP,2026-06,return,22,2026-06-22,309,ok,2026-04-30T12:35:36Z
WAW-AGP,WAW,AGP,2026-06,return,23,2026-06-23,399,ok,2026-04-30T12:35:36Z
WAW-AGP,WAW,AGP,2026-06,return,24,2026-06-24,509,ok,2026-04-30T12:35:36Z
WAW-AGP,WAW,AGP,2026-06,return,25,2026-06-25,509,ok,2026-04-30T12:35:36Z
WAW-AGP,WAW,AGP,2026-06,return,26,2026-06-26,449,ok,2026-04-30T12:35:36Z
WAW-AGP,WAW,AGP,2026-06,return,27,2026-06-27,359,ok,2026-04-30T12:35:36Z
WAW-AGP,WAW,AGP,2026-06,return,28,2026-06-28,309,ok,2026-04-30T12:35:36Z
WAW-AGP,WAW,AGP,2026-06,return,29,2026-06-29,719,ok,2026-04-30T12:35:36Z
WAW-AGP,WAW,AGP,2026-06,return,30,2026-06-30,449,ok,2026-04-30T12:35:36Z
WAW-AGP,WAW,AGP,2026-07,outbound,1,2026-07-01,509,ok,2026-04-30T12:35:36Z
WAW-AGP,WAW,AGP,2026-07,outbound,2,2026-07-02,219,ok,2026-04-30T12:35:36Z
WAW-AGP,WAW,AGP,2026-07,outbound,3,2026-07-03,289,ok,2026-04-30T12:35:36Z
WAW-AGP,WAW,AGP,2026-07,outbound,4,2026-07-04,219,ok,2026-04-30T12:35:36Z
WAW-AGP,WAW,AGP,2026-07,outbound,5,2026-07-05,249,ok,2026-04-30T12:35:36Z
WAW-AGP,WAW,AGP,2026-07,outbound,6,2026-07-06,219,ok,2026-04-30T12:35:36Z
WAW-AGP,WAW,AGP,2026-07,outbound,7,2026-07-07,219,ok,2026-04-30T12:35:36Z
WAW-AGP,WAW,AGP,2026-07,outbound,8,2026-07-08,219,ok,2026-04-30T12:35:36Z
WAW-AGP,WAW,AGP,2026-07,outbound,9,2026-07-09,269,ok,2026-04-30T12:35:36Z
WAW-AGP,WAW,AGP,2026-07,outbound,10,2026-07-10,219,ok,2026-04-30T12:35:36Z
WAW-AGP,WAW,AGP,2026-07,outbound,11,2026-07-11,219,ok,2026-04-30T12:35:36Z
WAW-AGP,WAW,AGP,2026-07,outbound,12,2026-07-12,249,ok,2026-04-30T12:35:36Z
WAW-AGP,WAW,AGP,2026-07,outbound,13,2026-07-13,249,ok,2026-04-30T12:35:36Z
WAW-AGP,WAW,AGP,2026-07,outbound,14,2026-07-14,309,ok,2026-04-30T12:35:36Z
WAW-AGP,WAW,AGP,2026-07,outbound,15,2026-07-15,309,ok,2026-04-30T12:35:36Z
WAW-AGP,WAW,AGP,2026-07,outbound,16,2026-07-16,219,ok,2026-04-30T12:35:36Z
WAW-AGP,WAW,AGP,2026-07,outbound,17,2026-07-17,219,ok,2026-04-30T12:35:36Z
WAW-AGP,WAW,AGP,2026-07,outbound,18,2026-07-18,219,ok,2026-04-30T12:35:36Z
WAW-AGP,WAW,AGP,2026-07,outbound,19,2026-07-19,399,ok,2026-04-30T12:35:36Z
WAW-AGP,WAW,AGP,2026-07,outbound,20,2026-07-20,219,ok,2026-04-30T12:35:36Z
WAW-AGP,WAW,AGP,2026-07,outbound,21,2026-07-21,219,ok,2026-04-30T12:35:36Z
WAW-AGP,WAW,AGP,2026-07,outbound,22,2026-07-22,249,ok,2026-04-30T12:35:36Z
WAW-AGP,WAW,AGP,2026-07,outbound,23,2026-07-23,219,ok,2026-04-30T12:35:36Z
WAW-AGP,WAW,AGP,2026-07,outbound,24,2026-07-24,359,ok,2026-04-30T12:35:36Z
WAW-AGP,WAW,AGP,2026-07,outbound,25,2026-07-25,359,ok,2026-04-30T12:35:36Z
WAW-AGP,WAW,AGP,2026-07,outbound,26,2026-07-26,219,ok,2026-04-30T12:35:36Z
WAW-AGP,WAW,AGP,2026-07,outbound,27,2026-07-27,249,ok,2026-04-30T12:35:36Z
WAW-AGP,WAW,AGP,2026-07,outbound,28,2026-07-28,289,ok,2026-04-30T12:35:36Z
WAW-AGP,WAW,AGP,2026-07,outbound,29,2026-07-29,219,ok,2026-04-30T12:35:36Z
WAW-AGP,WAW,AGP,2026-07,outbound,30,2026-07-30,249,ok,2026-04-30T12:35:36Z
WAW-AGP,WAW,AGP,2026-07,outbound,31,2026-07-31,399,ok,2026-04-30T12:35:36Z
WAW-AGP,WAW,AGP,2026-07,return,1,2026-07-01,309,ok,2026-04-30T12:35:36Z
WAW-AGP,WAW,AGP,2026-07,return,2,2026-07-02,289,ok,2026-04-30T12:35:36Z
WAW-AGP,WAW,AGP,2026-07,return,3,2026-07-03,509,ok,2026-04-30T12:35:36Z
WAW-AGP,WAW,AGP,2026-07,return,4,2026-07-04,399,ok,2026-04-30T12:35:36Z
WAW-AGP,WAW,AGP,2026-07,return,5,2026-07-05,309,ok,2026-04-30T12:35:36Z
WAW-AGP,WAW,AGP,2026-07,return,6,2026-07-06,959,ok,2026-04-30T12:35:36Z
WAW-AGP,WAW,AGP,2026-07,return,7,2026-07-07,449,ok,2026-04-30T12:35:36Z
WAW-AGP,WAW,AGP,2026-07,return,8,2026-07-08,399,ok,2026-04-30T12:35:36Z
WAW-AGP,WAW,AGP,2026-07,return,9,2026-07-09,719,ok,2026-04-30T12:35:36Z
WAW-AGP,WAW,AGP,2026-07,return,10,2026-07-10,599,ok,2026-04-30T12:35:36Z
WAW-AGP,WAW,AGP,2026-07,return,11,2026-07-11,809,ok,2026-04-30T12:35:36Z
WAW-AGP,WAW,AGP,2026-07,return,12,2026-07-12,809,ok,2026-04-30T12:35:36Z
WAW-AGP,WAW,AGP,2026-07,return,13,2026-07-13,509,ok,2026-04-30T12:35:36Z
WAW-AGP,WAW,AGP,2026-07,return,14,2026-07-14,599,ok,2026-04-30T12:35:36Z
WAW-AGP,WAW,AGP,2026-07,return,15,2026-07-15,359,ok,2026-04-30T12:35:36Z
WAW-AGP,WAW,AGP,2026-07,return,16,2026-07-16,289,ok,2026-04-30T12:35:36Z
WAW-AGP,WAW,AGP,2026-07,return,17,2026-07-17,509,ok,2026-04-30T12:35:36Z
WAW-AGP,WAW,AGP,2026-07,return,18,2026-07-18,559,ok,2026-04-30T12:35:36Z
WAW-AGP,WAW,AGP,2026-07,return,19,2026-07-19,399,ok,2026-04-30T12:35:36Z
WAW-AGP,WAW,AGP,2026-07,return,20,2026-07-20,719,ok,2026-04-30T12:35:36Z
WAW-AGP,WAW,AGP,2026-07,return,21,2026-07-21,449,ok,2026-04-30T12:35:36Z
WAW-AGP,WAW,AGP,2026-07,return,22,2026-07-22,599,ok,2026-04-30T12:35:36Z
WAW-AGP,WAW,AGP,2026-07,return,23,2026-07-23,509,ok,2026-04-30T12:35:36Z
WAW-AGP,WAW,AGP,2026-07,return,24,2026-07-24,509,ok,2026-04-30T12:35:36Z
WAW-AGP,WAW,AGP,2026-07,return,25,2026-07-25,399,ok,2026-04-30T12:35:36Z
WAW-AGP,WAW,AGP,2026-07,return,26,2026-07-26,449,ok,2026-04-30T12:35:36Z
WAW-AGP,WAW,AGP,2026-07,return,27,2026-07-27,399,ok,2026-04-30T12:35:36Z
WAW-AGP,WAW,AGP,2026-07,return,28,2026-07-28,449,ok,2026-04-30T12:35:36Z
WAW-AGP,WAW,AGP,2026-07,return,29,2026-07-29,359,ok,2026-04-30T12:35:36Z
WAW-AGP,WAW,AGP,2026-07,return,30,2026-07-30,359,ok,2026-04-30T12:35:36Z
WAW-AGP,WAW,AGP,2026-07,return,31,2026-07-31,959,ok,2026-04-30T12:35:36Z
WAW-AGP,WAW,AGP,2026-08,outbound,1,2026-08-01,449,ok,2026-04-30T12:35:36Z
WAW-AGP,WAW,AGP,2026-08,outbound,2,2026-08-02,809,ok,2026-04-30T12:35:36Z
WAW-AGP,WAW,AGP,2026-08,outbound,3,2026-08-03,449,ok,2026-04-30T12:35:36Z
WAW-AGP,WAW,AGP,2026-08,outbound,4,2026-08-04,49,ok,2026-04-30T12:35:36Z
WAW-AGP,WAW,AGP,2026-08,outbound,5,2026-08-05,289,ok,2026-04-30T12:35:36Z
WAW-AGP,WAW,AGP,2026-08,outbound,6,2026-08-06,289,ok,2026-04-30T12:35:36Z
WAW-AGP,WAW,AGP,2026-08,outbound,7,2026-08-07,309,ok,2026-04-30T12:35:36Z
WAW-AGP,WAW,AGP,2026-08,outbound,8,2026-08-08,9,ok,2026-04-30T12:35:36Z
WAW-AGP,WAW,AGP,2026-08,outbound,9,2026-08-09,449,ok,2026-04-30T12:35:36Z
WAW-AGP,WAW,AGP,2026-08,outbound,10,2026-08-10,599,ok,2026-04-30T12:35:36Z
WAW-AGP,WAW,AGP,2026-08,outbound,11,2026-08-11,309,ok,2026-04-30T12:35:36Z
WAW-AGP,WAW,AGP,2026-08,outbound,12,2026-08-12,449,ok,2026-04-30T12:35:36Z
WAW-AGP,WAW,AGP,2026-08,outbound,13,2026-08-13,399,ok,2026-04-30T12:35:36Z
WAW-AGP,WAW,AGP,2026-08,outbound,14,2026-08-14,399,ok,2026-04-30T12:35:36Z
WAW-AGP,WAW,AGP,2026-08,outbound,15,2026-08-15,599,ok,2026-04-30T12:35:36Z
WAW-AGP,WAW,AGP,2026-08,outbound,16,2026-08-16,599,ok,2026-04-30T12:35:36Z
WAW-AGP,WAW,AGP,2026-08,outbound,17,2026-08-17,509,ok,2026-04-30T12:35:36Z
WAW-AGP,WAW,AGP,2026-08,outbound,18,2026-08-18,669,ok,2026-04-30T12:35:36Z
WAW-AGP,WAW,AGP,2026-08,outbound,19,2026-08-19,449,ok,2026-04-30T12:35:36Z
WAW-AGP,WAW,AGP,2026-08,outbound,20,2026-08-20,359,ok,2026-04-30T12:35:36Z
WAW-AGP,WAW,AGP,2026-08,outbound,21,2026-08-21,449,ok,2026-04-30T12:35:36Z
WAW-AGP,WAW,AGP,2026-08,outbound,22,2026-08-22,599,ok,2026-04-30T12:35:36Z
WAW-AGP,WAW,AGP,2026-08,outbound,23,2026-08-23,559,ok,2026-04-30T12:35:36Z
WAW-AGP,WAW,AGP,2026-08,outbound,24,2026-08-24,809,ok,2026-04-30T12:35:36Z
WAW-AGP,WAW,AGP,2026-08,outbound,25,2026-08-25,509,ok,2026-04-30T12:35:36Z
WAW-AGP,WAW,AGP,2026-08,outbound,26,2026-08-26,449,ok,2026-04-30T12:35:36Z
WAW-AGP,WAW,AGP,2026-08,outbound,27,2026-08-27,559,ok,2026-04-30T12:35:36Z
WAW-AGP,WAW,AGP,2026-08,outbound,28,2026-08-28,849,ok,2026-04-30T12:35:36Z
WAW-AGP,WAW,AGP,2026-08,outbound,29,2026-08-29,359,ok,2026-04-30T12:35:36Z
WAW-AGP,WAW,AGP,2026-08,outbound,30,2026-08-30,509,ok,2026-04-30T12:35:36Z
WAW-AGP,WAW,AGP,2026-08,outbound,31,2026-08-31,399,ok,2026-04-30T12:35:36Z
WAW-AGP,WAW,AGP,2026-08,return,1,2026-08-01,509,ok,2026-04-30T12:35:36Z
WAW-AGP,WAW,AGP,2026-08,return,2,2026-08-02,509,ok,2026-04-30T12:35:36Z
WAW-AGP,WAW,AGP,2026-08,return,3,2026-08-03,599,ok,2026-04-30T12:35:36Z
WAW-AGP,WAW,AGP,2026-08,return,4,2026-08-04,599,ok,2026-04-30T12:35:36Z
WAW-AGP,WAW,AGP,2026-08,return,5,2026-08-05,9,ok,2026-04-30T12:35:36Z
WAW-AGP,WAW,AGP,2026-08,return,6,2026-08-06,669,ok,2026-04-30T12:35:36Z
WAW-AGP,WAW,AGP,2026-08,return,7,2026-08-07,509,ok,2026-04-30T12:35:36Z
WAW-AGP,WAW,AGP,2026-08,return,8,2026-08-08,719,ok,2026-04-30T12:35:36Z
WAW-AGP,WAW,AGP,2026-08,return,9,2026-08-09,599,ok,2026-04-30T12:35:36Z
WAW-AGP,WAW,AGP,2026-08,return,10,2026-08-10,559,ok,2026-04-30T12:35:36Z
WAW-AGP,WAW,AGP,2026-08,return,11,2026-08-11,599,ok,2026-04-30T12:35:36Z
WAW-AGP,WAW,AGP,2026-08,return,12,2026-08-12,809,ok,2026-04-30T12:35:36Z
WAW-AGP,WAW,AGP,2026-08,return,13,2026-08-13,559,ok,2026-04-30T12:35:36Z
WAW-AGP,WAW,AGP,2026-08,return,14,2026-08-14,599,ok,2026-04-30T12:35:36Z
WAW-AGP,WAW,AGP,2026-08,return,15,2026-08-15,559,ok,2026-04-30T12:35:36Z
WAW-AGP,WAW,AGP,2026-08,return,16,2026-08-16,509,ok,2026-04-30T12:35:36Z
WAW-AGP,WAW,AGP,2026-08,return,17,2026-08-17,599,ok,2026-04-30T12:35:36Z
WAW-AGP,WAW,AGP,2026-08,return,18,2026-08-18,669,ok,2026-04-30T12:35:36Z
WAW-AGP,WAW,AGP,2026-08,return,19,2026-08-19,599,ok,2026-04-30T12:35:36Z
WAW-AGP,WAW,AGP,2026-08,return,20,2026-08-20,719,ok,2026-04-30T12:35:36Z
WAW-AGP,WAW,AGP,2026-08,return,21,2026-08-21,559,ok,2026-04-30T12:35:36Z
WAW-AGP,WAW,AGP,2026-08,return,22,2026-08-22,509,ok,2026-04-30T12:35:36Z
WAW-AGP,WAW,AGP,2026-08,return,23,2026-08-23,809,ok,2026-04-30T12:35:36Z
WAW-AGP,WAW,AGP,2026-08,return,24,2026-08-24,509,ok,2026-04-30T12:35:36Z
WAW-AGP,WAW,AGP,2026-08,return,25,2026-08-25,509,ok,2026-04-30T12:35:36Z
WAW-AGP,WAW,AGP,2026-08,return,26,2026-08-26,509,ok,2026-04-30T12:35:36Z
WAW-AGP,WAW,AGP,2026-08,return,27,2026-08-27,449,ok,2026-04-30T12:35:36Z
WAW-AGP,WAW,AGP,2026-08,return,28,2026-08-28,809,ok,2026-04-30T12:35:36Z
WAW-AGP,WAW,AGP,2026-08,return,29,2026-08-29,509,ok,2026-04-30T12:35:36Z
WAW-AGP,WAW,AGP,2026-08,return,30,2026-08-30,849,ok,2026-04-30T12:35:36Z
WAW-AGP,WAW,AGP,2026-08,return,31,2026-08-31,559,ok,2026-04-30T12:35:36Z
WAW-PMI,WAW,PMI,2026-05,outbound,2,2026-05-02,49,ok,2026-04-30T12:35:36Z
WAW-PMI,WAW,PMI,2026-05,outbound,3,2026-05-03,9,ok,2026-04-30T12:35:36Z
WAW-PMI,WAW,PMI,2026-05,outbound,4,2026-05-04,49,ok,2026-04-30T12:35:36Z
WAW-PMI,WAW,PMI,2026-05,outbound,5,2026-05-05,449,ok,2026-04-30T12:35:36Z
WAW-PMI,WAW,PMI,2026-05,outbound,7,2026-05-07,309,ok,2026-04-30T12:35:36Z
WAW-PMI,WAW,PMI,2026-05,outbound,9,2026-05-09,359,ok,2026-04-30T12:35:36Z
WAW-PMI,WAW,PMI,2026-05,outbound,12,2026-05-12,249,ok,2026-04-30T12:35:36Z
WAW-PMI,WAW,PMI,2026-05,outbound,14,2026-05-14,309,ok,2026-04-30T12:35:36Z
WAW-PMI,WAW,PMI,2026-05,outbound,16,2026-05-16,249,ok,2026-04-30T12:35:36Z
WAW-PMI,WAW,PMI,2026-05,outbound,19,2026-05-19,209,ok,2026-04-30T12:35:36Z
WAW-PMI,WAW,PMI,2026-05,outbound,21,2026-05-21,399,ok,2026-04-30T12:35:36Z
WAW-PMI,WAW,PMI,2026-05,outbound,23,2026-05-23,289,ok,2026-04-30T12:35:36Z
WAW-PMI,WAW,PMI,2026-05,outbound,26,2026-05-26,289,ok,2026-04-30T12:35:36Z
WAW-PMI,WAW,PMI,2026-05,outbound,28,2026-05-28,269,ok,2026-04-30T12:35:36Z
WAW-PMI,WAW,PMI,2026-05,outbound,30,2026-05-30,449,ok,2026-04-30T12:35:36Z
WAW-PMI,WAW,PMI,2026-05,return,1,2026-05-01,79,ok,2026-04-30T12:35:36Z
WAW-PMI,WAW,PMI,2026-05,return,2,2026-05-02,449,ok,2026-04-30T12:35:36Z
WAW-PMI,WAW,PMI,2026-05,return,4,2026-05-04,49,ok,2026-04-30T12:35:36Z
WAW-PMI,WAW,PMI,2026-05,return,5,2026-05-05,449,ok,2026-04-30T12:35:36Z
WAW-PMI,WAW,PMI,2026-05,return,7,2026-05-07,269,ok,2026-04-30T12:35:36Z
WAW-PMI,WAW,PMI,2026-05,return,9,2026-05-09,449,ok,2026-04-30T12:35:36Z
WAW-PMI,WAW,PMI,2026-05,return,12,2026-05-12,449,ok,2026-04-30T12:35:36Z
WAW-PMI,WAW,PMI,2026-05,return,14,2026-05-14,209,ok,2026-04-30T12:35:36Z
WAW-PMI,WAW,PMI,2026-05,return,16,2026-05-16,289,ok,2026-04-30T12:35:36Z
WAW-PMI,WAW,PMI,2026-05,return,19,2026-05-19,449,ok,2026-04-30T12:35:36Z
WAW-PMI,WAW,PMI,2026-05,return,21,2026-05-21,209,ok,2026-04-30T12:35:36Z
WAW-PMI,WAW,PMI,2026-05,return,23,2026-05-23,509,ok,2026-04-30T12:35:36Z
WAW-PMI,WAW,PMI,2026-05,return,26,2026-05-26,179,ok,2026-04-30T12:35:36Z
WAW-PMI,WAW,PMI,2026-05,return,28,2026-05-28,159,ok,2026-04-30T12:35:36Z
WAW-PMI,WAW,PMI,2026-05,return,30,2026-05-30,249,ok,2026-04-30T12:35:36Z
WAW-PMI,WAW,PMI,2026-06,outbound,1,2026-06-01,59,ok,2026-04-30T12:35:36Z
WAW-PMI,WAW,PMI,2026-06,outbound,2,2026-06-02,209,ok,2026-04-30T12:35:36Z
WAW-PMI,WAW,PMI,2026-06,outbound,3,2026-06-03,59,ok,2026-04-30T12:35:36Z
WAW-PMI,WAW,PMI,2026-06,outbound,4,2026-06-04,359,ok,2026-04-30T12:35:36Z
WAW-PMI,WAW,PMI,2026-06,outbound,6,2026-06-06,449,ok,2026-04-30T12:35:36Z
WAW-PMI,WAW,PMI,2026-06,outbound,9,2026-06-09,159,ok,2026-04-30T12:35:36Z
WAW-PMI,WAW,PMI,2026-06,outbound,11,2026-06-11,209,ok,2026-04-30T12:35:36Z
WAW-PMI,WAW,PMI,2026-06,outbound,13,2026-06-13,249,ok,2026-04-30T12:35:36Z
WAW-PMI,WAW,PMI,2026-06,outbound,16,2026-06-16,159,ok,2026-04-30T12:35:36Z
WAW-PMI,WAW,PMI,2026-06,outbound,18,2026-06-18,269,ok,2026-04-30T12:35:36Z
WAW-PMI,WAW,PMI,2026-06,outbound,20,2026-06-20,359,ok,2026-04-30T12:35:36Z
WAW-PMI,WAW,PMI,2026-06,outbound,23,2026-06-23,209,ok,2026-04-30T12:35:36Z
WAW-PMI,WAW,PMI,2026-06,outbound,25,2026-06-25,209,ok,2026-04-30T12:35:36Z
WAW-PMI,WAW,PMI,2026-06,outbound,27,2026-06-27,139,ok,2026-04-30T12:35:36Z
WAW-PMI,WAW,PMI,2026-06,outbound,30,2026-06-30,309,ok,2026-04-30T12:35:36Z
WAW-PMI,WAW,PMI,2026-06,return,2,2026-06-02,399,ok,2026-04-30T12:35:36Z
WAW-PMI,WAW,PMI,2026-06,return,3,2026-06-03,99,ok,2026-04-30T12:35:36Z
WAW-PMI,WAW,PMI,2026-06,return,4,2026-06-04,289,ok,2026-04-30T12:35:36Z
WAW-PMI,WAW,PMI,2026-06,return,5,2026-06-05,59,ok,2026-04-30T12:35:36Z
WAW-PMI,WAW,PMI,2026-06,return,6,2026-06-06,559,ok,2026-04-30T12:35:36Z
WAW-PMI,WAW,PMI,2026-06,return,9,2026-06-09,449,ok,2026-04-30T12:35:36Z
WAW-PMI,WAW,PMI,2026-06,return,11,2026-06-11,249,ok,2026-04-30T12:35:36Z
WAW-PMI,WAW,PMI,2026-06,return,13,2026-06-13,399,ok,2026-04-30T12:35:36Z
WAW-PMI,WAW,PMI,2026-06,return,16,2026-06-16,289,ok,2026-04-30T12:35:36Z
WAW-PMI,WAW,PMI,2026-06,return,18,2026-06-18,269,ok,2026-04-30T12:35:36Z
WAW-PMI,WAW,PMI,2026-06,return,20,2026-06-20,399,ok,2026-04-30T12:35:36Z
WAW-PMI,WAW,PMI,2026-06,return,23,2026-06-23,399,ok,2026-04-30T12:35:36Z
WAW-PMI,WAW,PMI,2026-06,return,25,2026-06-25,449,ok,2026-04-30T12:35:36Z
WAW-PMI,WAW,PMI,2026-06,return,27,2026-06-27,559,ok,2026-04-30T12:35:36Z
WAW-PMI,WAW,PMI,2026-06,return,30,2026-06-30,509,ok,2026-04-30T12:35:36Z
WAW-PMI,WAW,PMI,2026-07,outbound,1,2026-07-01,39,ok,2026-04-30T12:35:36Z
WAW-PMI,WAW,PMI,2026-07,outbound,2,2026-07-02,139,ok,2026-04-30T12:35:36Z
WAW-PMI,WAW,PMI,2026-07,outbound,3,2026-07-03,9,ok,2026-04-30T12:35:36Z
WAW-PMI,WAW,PMI,2026-07,outbound,4,2026-07-04,309,ok,2026-04-30T12:35:36Z
WAW-PMI,WAW,PMI,2026-07,outbound,7,2026-07-07,249,ok,2026-04-30T12:35:36Z
WAW-PMI,WAW,PMI,2026-07,outbound,9,2026-07-09,139,ok,2026-04-30T12:35:36Z
WAW-PMI,WAW,PMI,2026-07,outbound,11,2026-07-11,159,ok,2026-04-30T12:35:36Z
WAW-PMI,WAW,PMI,2026-07,outbound,14,2026-07-14,209,ok,2026-04-30T12:35:36Z
WAW-PMI,WAW,PMI,2026-07,outbound,16,2026-07-16,209,ok,2026-04-30T12:35:36Z
WAW-PMI,WAW,PMI,2026-07,outbound,18,2026-07-18,359,ok,2026-04-30T12:35:36Z
WAW-PMI,WAW,PMI,2026-07,outbound,21,2026-07-21,249,ok,2026-04-30T12:35:36Z
WAW-PMI,WAW,PMI,2026-07,outbound,23,2026-07-23,139,ok,2026-04-30T12:35:36Z
WAW-PMI,WAW,PMI,2026-07,outbound,25,2026-07-25,159,ok,2026-04-30T12:35:36Z
WAW-PMI,WAW,PMI,2026-07,outbound,28,2026-07-28,249,ok,2026-04-30T12:35:36Z
WAW-PMI,WAW,PMI,2026-07,outbound,30,2026-07-30,209,ok,2026-04-30T12:35:36Z
WAW-PMI,WAW,PMI,2026-07,return,2,2026-07-02,309,ok,2026-04-30T12:35:36Z
WAW-PMI,WAW,PMI,2026-07,return,3,2026-07-03,9,ok,2026-04-30T12:35:36Z
WAW-PMI,WAW,PMI,2026-07,return,4,2026-07-04,509,ok,2026-04-30T12:35:36Z
WAW-PMI,WAW,PMI,2026-07,return,5,2026-07-05,9,ok,2026-04-30T12:35:36Z
WAW-PMI,WAW,PMI,2026-07,return,7,2026-07-07,309,ok,2026-04-30T12:35:36Z
WAW-PMI,WAW,PMI,2026-07,return,9,2026-07-09,249,ok,2026-04-30T12:35:36Z
WAW-PMI,WAW,PMI,2026-07,return,11,2026-07-11,309,ok,2026-04-30T12:35:36Z
WAW-PMI,WAW,PMI,2026-07,return,14,2026-07-14,399,ok,2026-04-30T12:35:36Z
WAW-PMI,WAW,PMI,2026-07,return,16,2026-07-16,269,ok,2026-04-30T12:35:36Z
WAW-PMI,WAW,PMI,2026-07,return,18,2026-07-18,399,ok,2026-04-30T12:35:36Z
WAW-PMI,WAW,PMI,2026-07,return,21,2026-07-21,269,ok,2026-04-30T12:35:36Z
WAW-PMI,WAW,PMI,2026-07,return,23,2026-07-23,249,ok,2026-04-30T12:35:36Z
WAW-PMI,WAW,PMI,2026-07,return,25,2026-07-25,399,ok,2026-04-30T12:35:36Z
WAW-PMI,WAW,PMI,2026-07,return,28,2026-07-28,289,ok,2026-04-30T12:35:36Z
WAW-PMI,WAW,PMI,2026-07,return,30,2026-07-30,359,ok,2026-04-30T12:35:36Z
WAW-PMI,WAW,PMI,2026-08,outbound,1,2026-08-01,669,ok,2026-04-30T12:35:36Z
WAW-PMI,WAW,PMI,2026-08,outbound,2,2026-08-02,49,ok,2026-04-30T12:35:36Z
WAW-PMI,WAW,PMI,2026-08,outbound,3,2026-08-03,59,ok,2026-04-30T12:35:36Z
WAW-PMI,WAW,PMI,2026-08,outbound,4,2026-08-04,359,ok,2026-04-30T12:35:36Z
WAW-PMI,WAW,PMI,2026-08,outbound,5,2026-08-05,9,ok,2026-04-30T12:35:36Z
WAW-PMI,WAW,PMI,2026-08,outbound,6,2026-08-06,69,ok,2026-04-30T12:35:36Z
WAW-PMI,WAW,PMI,2026-08,outbound,7,2026-08-07,19,ok,2026-04-30T12:35:36Z
WAW-PMI,WAW,PMI,2026-08,outbound,8,2026-08-08,559,ok,2026-04-30T12:35:36Z
WAW-PMI,WAW,PMI,2026-08,outbound,11,2026-08-11,719,ok,2026-04-30T12:35:36Z
WAW-PMI,WAW,PMI,2026-08,outbound,13,2026-08-13,599,ok,2026-04-30T12:35:36Z
WAW-PMI,WAW,PMI,2026-08,outbound,15,2026-08-15,559,ok,2026-04-30T12:35:36Z
WAW-PMI,WAW,PMI,2026-08,outbound,18,2026-08-18,359,ok,2026-04-30T12:35:36Z
WAW-PMI,WAW,PMI,2026-08,outbound,20,2026-08-20,249,ok,2026-04-30T12:35:36Z
WAW-PMI,WAW,PMI,2026-08,outbound,22,2026-08-22,309,ok,2026-04-30T12:35:36Z
WAW-PMI,WAW,PMI,2026-08,outbound,25,2026-08-25,399,ok,2026-04-30T12:35:36Z
WAW-PMI,WAW,PMI,2026-08,outbound,27,2026-08-27,399,ok,2026-04-30T12:35:36Z
WAW-PMI,WAW,PMI,2026-08,outbound,29,2026-08-29,599,ok,2026-04-30T12:35:36Z
WAW-PMI,WAW,PMI,2026-08,return,1,2026-08-01,599,ok,2026-04-30T12:35:36Z
WAW-PMI,WAW,PMI,2026-08,return,2,2026-08-02,89,ok,2026-04-30T12:35:36Z
WAW-PMI,WAW,PMI,2026-08,return,3,2026-08-03,59,ok,2026-04-30T12:35:36Z
WAW-PMI,WAW,PMI,2026-08,return,4,2026-08-04,359,ok,2026-04-30T12:35:36Z
WAW-PMI,WAW,PMI,2026-08,return,5,2026-08-05,99,ok,2026-04-30T12:35:36Z
WAW-PMI,WAW,PMI,2026-08,return,6,2026-08-06,599,ok,2026-04-30T12:35:36Z
WAW-PMI,WAW,PMI,2026-08,return,8,2026-08-08,449,ok,2026-04-30T12:35:36Z
WAW-PMI,WAW,PMI,2026-08,return,10,2026-08-10,49,ok,2026-04-30T12:35:36Z
WAW-PMI,WAW,PMI,2026-08,return,11,2026-08-11,289,ok,2026-04-30T12:35:36Z
WAW-PMI,WAW,PMI,2026-08,return,13,2026-08-13,599,ok,2026-04-30T12:35:36Z
WAW-PMI,WAW,PMI,2026-08,return,15,2026-08-15,1049,ok,2026-04-30T12:35:36Z
WAW-PMI,WAW,PMI,2026-08,return,18,2026-08-18,509,ok,2026-04-30T12:35:36Z
WAW-PMI,WAW,PMI,2026-08,return,20,2026-08-20,309,ok,2026-04-30T12:35:36Z
WAW-PMI,WAW,PMI,2026-08,return,22,2026-08-22,559,ok,2026-04-30T12:35:36Z
WAW-PMI,WAW,PMI,2026-08,return,25,2026-08-25,309,ok,2026-04-30T12:35:36Z
WAW-PMI,WAW,PMI,2026-08,return,27,2026-08-27,449,ok,2026-04-30T12:35:36Z
WAW-PMI,WAW,PMI,2026-08,return,29,2026-08-29,809,ok,2026-04-30T12:35:36Z
WAW-ALC,WAW,ALC,2026-06,outbound,1,2026-06-01,599,ok,2026-04-30T12:35:36Z
WAW-ALC,WAW,ALC,2026-06,outbound,2,2026-06-02,309,ok,2026-04-30T12:35:36Z
WAW-ALC,WAW,ALC,2026-06,outbound,3,2026-06-03,359,ok,2026-04-30T12:35:36Z
WAW-ALC,WAW,ALC,2026-06,outbound,4,2026-06-04,249,ok,2026-04-30T12:35:36Z
WAW-ALC,WAW,ALC,2026-06,outbound,5,2026-06-05,309,ok,2026-04-30T12:35:36Z
WAW-ALC,WAW,ALC,2026-06,outbound,6,2026-06-06,179,ok,2026-04-30T12:35:36Z
WAW-ALC,WAW,ALC,2026-06,outbound,7,2026-06-07,219,ok,2026-04-30T12:35:36Z
WAW-ALC,WAW,ALC,2026-06,outbound,8,2026-06-08,249,ok,2026-04-30T12:35:36Z
WAW-ALC,WAW,ALC,2026-06,outbound,9,2026-06-09,219,ok,2026-04-30T12:35:36Z
WAW-ALC,WAW,ALC,2026-06,outbound,10,2026-06-10,179,ok,2026-04-30T12:35:36Z
WAW-ALC,WAW,ALC,2026-06,outbound,11,2026-06-11,219,ok,2026-04-30T12:35:36Z
WAW-ALC,WAW,ALC,2026-06,outbound,12,2026-06-12,669,ok,2026-04-30T12:35:36Z
WAW-ALC,WAW,ALC,2026-06,outbound,13,2026-06-13,209,ok,2026-04-30T12:35:36Z
WAW-ALC,WAW,ALC,2026-06,outbound,14,2026-06-14,289,ok,2026-04-30T12:35:36Z
WAW-ALC,WAW,ALC,2026-06,outbound,15,2026-06-15,309,ok,2026-04-30T12:35:36Z
WAW-ALC,WAW,ALC,2026-06,outbound,16,2026-06-16,209,ok,2026-04-30T12:35:36Z
WAW-ALC,WAW,ALC,2026-06,outbound,17,2026-06-17,209,ok,2026-04-30T12:35:36Z
WAW-ALC,WAW,ALC,2026-06,outbound,18,2026-06-18,249,ok,2026-04-30T12:35:36Z
WAW-ALC,WAW,ALC,2026-06,outbound,19,2026-06-19,209,ok,2026-04-30T12:35:36Z
WAW-ALC,WAW,ALC,2026-06,outbound,20,2026-06-20,209,ok,2026-04-30T12:35:36Z
WAW-ALC,WAW,ALC,2026-06,outbound,21,2026-06-21,249,ok,2026-04-30T12:35:36Z
WAW-ALC,WAW,ALC,2026-06,outbound,22,2026-06-22,179,ok,2026-04-30T12:35:36Z
WAW-ALC,WAW,ALC,2026-06,outbound,23,2026-06-23,179,ok,2026-04-30T12:35:36Z
WAW-ALC,WAW,ALC,2026-06,outbound,24,2026-06-24,219,ok,2026-04-30T12:35:36Z
WAW-ALC,WAW,ALC,2026-06,outbound,25,2026-06-25,209,ok,2026-04-30T12:35:36Z
WAW-ALC,WAW,ALC,2026-06,outbound,26,2026-06-26,289,ok,2026-04-30T12:35:36Z
WAW-ALC,WAW,ALC,2026-06,outbound,27,2026-06-27,399,ok,2026-04-30T12:35:36Z
WAW-ALC,WAW,ALC,2026-06,outbound,28,2026-06-28,399,ok,2026-04-30T12:35:36Z
WAW-ALC,WAW,ALC,2026-06,outbound,29,2026-06-29,249,ok,2026-04-30T12:35:36Z
WAW-ALC,WAW,ALC,2026-06,outbound,30,2026-06-30,249,ok,2026-04-30T12:35:36Z
WAW-ALC,WAW,ALC,2026-06,return,1,2026-06-01,249,ok,2026-04-30T12:35:36Z
WAW-ALC,WAW,ALC,2026-06,return,2,2026-06-02,219,ok,2026-04-30T12:35:36Z
WAW-ALC,WAW,ALC,2026-06,return,3,2026-06-03,219,ok,2026-04-30T12:35:36Z
WAW-ALC,WAW,ALC,2026-06,return,4,2026-06-04,219,ok,2026-04-30T12:35:36Z
WAW-ALC,WAW,ALC,2026-06,return,5,2026-06-05,249,ok,2026-04-30T12:35:36Z
WAW-ALC,WAW,ALC,2026-06,return,6,2026-06-06,509,ok,2026-04-30T12:35:36Z
WAW-ALC,WAW,ALC,2026-06,return,7,2026-06-07,959,ok,2026-04-30T12:35:36Z
WAW-ALC,WAW,ALC,2026-06,return,8,2026-06-08,719,ok,2026-04-30T12:35:36Z
WAW-ALC,WAW,ALC,2026-06,return,9,2026-06-09,59,ok,2026-04-30T12:35:36Z
WAW-ALC,WAW,ALC,2026-06,return,10,2026-06-10,449,ok,2026-04-30T12:35:36Z
WAW-ALC,WAW,ALC,2026-06,return,11,2026-06-11,219,ok,2026-04-30T12:35:36Z
WAW-ALC,WAW,ALC,2026-06,return,12,2026-06-12,219,ok,2026-04-30T12:35:36Z
WAW-ALC,WAW,ALC,2026-06,return,13,2026-06-13,289,ok,2026-04-30T12:35:36Z
WAW-ALC,WAW,ALC,2026-06,return,14,2026-06-14,269,ok,2026-04-30T12:35:36Z
WAW-ALC,WAW,ALC,2026-06,return,15,2026-06-15,809,ok,2026-04-30T12:35:36Z
WAW-ALC,WAW,ALC,2026-06,return,16,2026-06-16,309,ok,2026-04-30T12:35:36Z
WAW-ALC,WAW,ALC,2026-06,return,17,2026-06-17,249,ok,2026-04-30T12:35:36Z
WAW-ALC,WAW,ALC,2026-06,return,18,2026-06-18,219,ok,2026-04-30T12:35:36Z
WAW-ALC,WAW,ALC,2026-06,return,19,2026-06-19,449,ok,2026-04-30T12:35:36Z
WAW-ALC,WAW,ALC,2026-06,return,20,2026-06-20,269,ok,2026-04-30T12:35:36Z
WAW-ALC,WAW,ALC,2026-06,return,21,2026-06-21,309,ok,2026-04-30T12:35:36Z
WAW-ALC,WAW,ALC,2026-06,return,22,2026-06-22,509,ok,2026-04-30T12:35:36Z
WAW-ALC,WAW,ALC,2026-06,return,23,2026-06-23,309,ok,2026-04-30T12:35:36Z
WAW-ALC,WAW,ALC,2026-06,return,24,2026-06-24,249,ok,2026-04-30T12:35:36Z
WAW-ALC,WAW,ALC,2026-06,return,25,2026-06-25,249,ok,2026-04-30T12:35:36Z
WAW-ALC,WAW,ALC,2026-06,return,26,2026-06-26,249,ok,2026-04-30T12:35:36Z
WAW-ALC,WAW,ALC,2026-06,return,27,2026-06-27,399,ok,2026-04-30T12:35:36Z
WAW-ALC,WAW,ALC,2026-06,return,28,2026-06-28,449,ok,2026-04-30T12:35:36Z
WAW-ALC,WAW,ALC,2026-06,return,29,2026-06-29,449,ok,2026-04-30T12:35:36Z
WAW-ALC,WAW,ALC,2026-06,return,30,2026-06-30,309,ok,2026-04-30T12:35:36Z
WAW-ALC,WAW,ALC,2026-07,outbound,1,2026-07-01,249,ok,2026-04-30T12:35:36Z
WAW-ALC,WAW,ALC,2026-07,outbound,2,2026-07-02,249,ok,2026-04-30T12:35:36Z
WAW-ALC,WAW,ALC,2026-07,outbound,3,2026-07-03,209,ok,2026-04-30T12:35:36Z
WAW-ALC,WAW,ALC,2026-07,outbound,4,2026-07-04,249,ok,2026-04-30T12:35:36Z
WAW-ALC,WAW,ALC,2026-07,outbound,5,2026-07-05,359,ok,2026-04-30T12:35:36Z
WAW-ALC,WAW,ALC,2026-07,outbound,6,2026-07-06,309,ok,2026-04-30T12:35:36Z
WAW-ALC,WAW,ALC,2026-07,outbound,7,2026-07-07,159,ok,2026-04-30T12:35:36Z
WAW-ALC,WAW,ALC,2026-07,outbound,8,2026-07-08,209,ok,2026-04-30T12:35:36Z
WAW-ALC,WAW,ALC,2026-07,outbound,9,2026-07-09,209,ok,2026-04-30T12:35:36Z
WAW-ALC,WAW,ALC,2026-07,outbound,10,2026-07-10,129,ok,2026-04-30T12:35:36Z
WAW-ALC,WAW,ALC,2026-07,outbound,11,2026-07-11,209,ok,2026-04-30T12:35:36Z
WAW-ALC,WAW,ALC,2026-07,outbound,12,2026-07-12,359,ok,2026-04-30T12:35:36Z
WAW-ALC,WAW,ALC,2026-07,outbound,13,2026-07-13,159,ok,2026-04-30T12:35:36Z
WAW-ALC,WAW,ALC,2026-07,outbound,14,2026-07-14,209,ok,2026-04-30T12:35:36Z
WAW-ALC,WAW,ALC,2026-07,outbound,15,2026-07-15,509,ok,2026-04-30T12:35:36Z
WAW-ALC,WAW,ALC,2026-07,outbound,16,2026-07-16,179,ok,2026-04-30T12:35:36Z
WAW-ALC,WAW,ALC,2026-07,outbound,17,2026-07-17,249,ok,2026-04-30T12:35:36Z
WAW-ALC,WAW,ALC,2026-07,outbound,18,2026-07-18,249,ok,2026-04-30T12:35:36Z
WAW-ALC,WAW,ALC,2026-07,outbound,19,2026-07-19,249,ok,2026-04-30T12:35:36Z
WAW-ALC,WAW,ALC,2026-07,outbound,20,2026-07-20,219,ok,2026-04-30T12:35:36Z
WAW-ALC,WAW,ALC,2026-07,outbound,21,2026-07-21,249,ok,2026-04-30T12:35:36Z
WAW-ALC,WAW,ALC,2026-07,outbound,22,2026-07-22,179,ok,2026-04-30T12:35:36Z
WAW-ALC,WAW,ALC,2026-07,outbound,23,2026-07-23,139,ok,2026-04-30T12:35:36Z
WAW-ALC,WAW,ALC,2026-07,outbound,24,2026-07-24,249,ok,2026-04-30T12:35:36Z
WAW-ALC,WAW,ALC,2026-07,outbound,25,2026-07-25,159,ok,2026-04-30T12:35:36Z
WAW-ALC,WAW,ALC,2026-07,outbound,26,2026-07-26,129,ok,2026-04-30T12:35:36Z
WAW-ALC,WAW,ALC,2026-07,outbound,27,2026-07-27,449,ok,2026-04-30T12:35:36Z
WAW-ALC,WAW,ALC,2026-07,outbound,28,2026-07-28,139,ok,2026-04-30T12:35:36Z
WAW-ALC,WAW,ALC,2026-07,outbound,29,2026-07-29,179,ok,2026-04-30T12:35:36Z
WAW-ALC,WAW,ALC,2026-07,outbound,30,2026-07-30,219,ok,2026-04-30T12:35:36Z
WAW-ALC,WAW,ALC,2026-07,outbound,31,2026-07-31,449,ok,2026-04-30T12:35:36Z
WAW-ALC,WAW,ALC,2026-07,return,1,2026-07-01,269,ok,2026-04-30T12:35:36Z
WAW-ALC,WAW,ALC,2026-07,return,2,2026-07-02,249,ok,2026-04-30T12:35:36Z
WAW-ALC,WAW,ALC,2026-07,return,3,2026-07-03,289,ok,2026-04-30T12:35:36Z
WAW-ALC,WAW,ALC,2026-07,return,4,2026-07-04,359,ok,2026-04-30T12:35:36Z
WAW-ALC,WAW,ALC,2026-07,return,5,2026-07-05,289,ok,2026-04-30T12:35:36Z
WAW-ALC,WAW,ALC,2026-07,return,6,2026-07-06,309,ok,2026-04-30T12:35:36Z
WAW-ALC,WAW,ALC,2026-07,return,7,2026-07-07,359,ok,2026-04-30T12:35:36Z
WAW-ALC,WAW,ALC,2026-07,return,8,2026-07-08,399,ok,2026-04-30T12:35:36Z
WAW-ALC,WAW,ALC,2026-07,return,9,2026-07-09,289,ok,2026-04-30T12:35:36Z
WAW-ALC,WAW,ALC,2026-07,return,10,2026-07-10,399,ok,2026-04-30T12:35:36Z
WAW-ALC,WAW,ALC,2026-07,return,11,2026-07-11,309,ok,2026-04-30T12:35:36Z
WAW-ALC,WAW,ALC,2026-07,return,12,2026-07-12,309,ok,2026-04-30T12:35:36Z
WAW-ALC,WAW,ALC,2026-07,return,13,2026-07-13,309,ok,2026-04-30T12:35:36Z
WAW-ALC,WAW,ALC,2026-07,return,14,2026-07-14,359,ok,2026-04-30T12:35:36Z
WAW-ALC,WAW,ALC,2026-07,return,15,2026-07-15,359,ok,2026-04-30T12:35:36Z
WAW-ALC,WAW,ALC,2026-07,return,16,2026-07-16,359,ok,2026-04-30T12:35:36Z
WAW-ALC,WAW,ALC,2026-07,return,17,2026-07-17,559,ok,2026-04-30T12:35:36Z
WAW-ALC,WAW,ALC,2026-07,return,18,2026-07-18,509,ok,2026-04-30T12:35:36Z
WAW-ALC,WAW,ALC,2026-07,return,19,2026-07-19,559,ok,2026-04-30T12:35:36Z
WAW-ALC,WAW,ALC,2026-07,return,20,2026-07-20,359,ok,2026-04-30T12:35:36Z
WAW-ALC,WAW,ALC,2026-07,return,21,2026-07-21,359,ok,2026-04-30T12:35:36Z
WAW-ALC,WAW,ALC,2026-07,return,22,2026-07-22,399,ok,2026-04-30T12:35:36Z
WAW-ALC,WAW,ALC,2026-07,return,23,2026-07-23,309,ok,2026-04-30T12:35:36Z
WAW-ALC,WAW,ALC,2026-07,return,24,2026-07-24,809,ok,2026-04-30T12:35:36Z
WAW-ALC,WAW,ALC,2026-07,return,25,2026-07-25,399,ok,2026-04-30T12:35:36Z
WAW-ALC,WAW,ALC,2026-07,return,26,2026-07-26,559,ok,2026-04-30T12:35:36Z
WAW-ALC,WAW,ALC,2026-07,return,27,2026-07-27,509,ok,2026-04-30T12:35:36Z
WAW-ALC,WAW,ALC,2026-07,return,28,2026-07-28,359,ok,2026-04-30T12:35:36Z
WAW-ALC,WAW,ALC,2026-07,return,29,2026-07-29,359,ok,2026-04-30T12:35:36Z
WAW-ALC,WAW,ALC,2026-07,return,30,2026-07-30,359,ok,2026-04-30T12:35:36Z
WAW-ALC,WAW,ALC,2026-07,return,31,2026-07-31,509,ok,2026-04-30T12:35:36Z
WAW-ALC,WAW,ALC,2026-08,outbound,1,2026-08-01,399,ok,2026-04-30T12:35:36Z
WAW-ALC,WAW,ALC,2026-08,outbound,2,2026-08-02,449,ok,2026-04-30T12:35:36Z
WAW-ALC,WAW,ALC,2026-08,outbound,3,2026-08-03,99,ok,2026-04-30T12:35:36Z
WAW-ALC,WAW,ALC,2026-08,outbound,4,2026-08-04,49,ok,2026-04-30T12:35:36Z
WAW-ALC,WAW,ALC,2026-08,outbound,5,2026-08-05,399,ok,2026-04-30T12:35:36Z
WAW-ALC,WAW,ALC,2026-08,outbound,6,2026-08-06,449,ok,2026-04-30T12:35:36Z
WAW-ALC,WAW,ALC,2026-08,outbound,7,2026-08-07,559,ok,2026-04-30T12:35:36Z
WAW-ALC,WAW,ALC,2026-08,outbound,8,2026-08-08,399,ok,2026-04-30T12:35:36Z
WAW-ALC,WAW,ALC,2026-08,outbound,9,2026-08-09,399,ok,2026-04-30T12:35:36Z
WAW-ALC,WAW,ALC,2026-08,outbound,10,2026-08-10,359,ok,2026-04-30T12:35:36Z
WAW-ALC,WAW,ALC,2026-08,outbound,11,2026-08-11,359,ok,2026-04-30T12:35:36Z
WAW-ALC,WAW,ALC,2026-08,outbound,12,2026-08-12,449,ok,2026-04-30T12:35:36Z
WAW-ALC,WAW,ALC,2026-08,outbound,13,2026-08-13,359,ok,2026-04-30T12:35:36Z
WAW-ALC,WAW,ALC,2026-08,outbound,14,2026-08-14,509,ok,2026-04-30T12:35:36Z
WAW-ALC,WAW,ALC,2026-08,outbound,15,2026-08-15,449,ok,2026-04-30T12:35:36Z
WAW-ALC,WAW,ALC,2026-08,outbound,16,2026-08-16,359,ok,2026-04-30T12:35:36Z
WAW-ALC,WAW,ALC,2026-08,outbound,17,2026-08-17,669,ok,2026-04-30T12:35:36Z
WAW-ALC,WAW,ALC,2026-08,outbound,18,2026-08-18,449,ok,2026-04-30T12:35:36Z
WAW-ALC,WAW,ALC,2026-08,outbound,19,2026-08-19,359,ok,2026-04-30T12:35:36Z
WAW-ALC,WAW,ALC,2026-08,outbound,20,2026-08-20,399,ok,2026-04-30T12:35:36Z
WAW-ALC,WAW,ALC,2026-08,outbound,21,2026-08-21,599,ok,2026-04-30T12:35:36Z
WAW-ALC,WAW,ALC,2026-08,outbound,22,2026-08-22,509,ok,2026-04-30T12:35:36Z
WAW-ALC,WAW,ALC,2026-08,outbound,23,2026-08-23,559,ok,2026-04-30T12:35:36Z
WAW-ALC,WAW,ALC,2026-08,outbound,24,2026-08-24,559,ok,2026-04-30T12:35:36Z
WAW-ALC,WAW,ALC,2026-08,outbound,25,2026-08-25,359,ok,2026-04-30T12:35:36Z
WAW-ALC,WAW,ALC,2026-08,outbound,26,2026-08-26,809,ok,2026-04-30T12:35:36Z
WAW-ALC,WAW,ALC,2026-08,outbound,27,2026-08-27,399,ok,2026-04-30T12:35:36Z
WAW-ALC,WAW,ALC,2026-08,outbound,28,2026-08-28,449,ok,2026-04-30T12:35:36Z
WAW-ALC,WAW,ALC,2026-08,outbound,29,2026-08-29,359,ok,2026-04-30T12:35:36Z
WAW-ALC,WAW,ALC,2026-08,outbound,30,2026-08-30,399,ok,2026-04-30T12:35:36Z
WAW-ALC,WAW,ALC,2026-08,outbound,31,2026-08-31,449,ok,2026-04-30T12:35:36Z
WAW-ALC,WAW,ALC,2026-08,return,1,2026-08-01,449,ok,2026-04-30T12:35:36Z
WAW-ALC,WAW,ALC,2026-08,return,2,2026-08-02,1049,ok,2026-04-30T12:35:36Z
WAW-ALC,WAW,ALC,2026-08,return,3,2026-08-03,559,ok,2026-04-30T12:35:36Z
WAW-ALC,WAW,ALC,2026-08,return,4,2026-08-04,49,ok,2026-04-30T12:35:36Z
WAW-ALC,WAW,ALC,2026-08,return,5,2026-08-05,509,ok,2026-04-30T12:35:36Z
WAW-ALC,WAW,ALC,2026-08,return,6,2026-08-06,509,ok,2026-04-30T12:35:36Z
WAW-ALC,WAW,ALC,2026-08,return,7,2026-08-07,509,ok,2026-04-30T12:35:36Z
WAW-ALC,WAW,ALC,2026-08,return,8,2026-08-08,599,ok,2026-04-30T12:35:36Z
WAW-ALC,WAW,ALC,2026-08,return,9,2026-08-09,559,ok,2026-04-30T12:35:36Z
WAW-ALC,WAW,ALC,2026-08,return,10,2026-08-10,49,ok,2026-04-30T12:35:36Z
WAW-ALC,WAW,ALC,2026-08,return,11,2026-08-11,399,ok,2026-04-30T12:35:36Z
WAW-ALC,WAW,ALC,2026-08,return,12,2026-08-12,449,ok,2026-04-30T12:35:36Z
WAW-ALC,WAW,ALC,2026-08,return,13,2026-08-13,509,ok,2026-04-30T12:35:36Z
WAW-ALC,WAW,ALC,2026-08,return,14,2026-08-14,849,ok,2026-04-30T12:35:36Z
WAW-ALC,WAW,ALC,2026-08,return,15,2026-08-15,809,ok,2026-04-30T12:35:36Z
WAW-ALC,WAW,ALC,2026-08,return,16,2026-08-16,1049,ok,2026-04-30T12:35:36Z
WAW-ALC,WAW,ALC,2026-08,return,17,2026-08-17,809,ok,2026-04-30T12:35:36Z
WAW-ALC,WAW,ALC,2026-08,return,18,2026-08-18,509,ok,2026-04-30T12:35:36Z
WAW-ALC,WAW,ALC,2026-08,return,19,2026-08-19,449,ok,2026-04-30T12:35:36Z
WAW-ALC,WAW,ALC,2026-08,return,20,2026-08-20,509,ok,2026-04-30T12:35:36Z
WAW-ALC,WAW,ALC,2026-08,return,21,2026-08-21,599,ok,2026-04-30T12:35:36Z
WAW-ALC,WAW,ALC,2026-08,return,22,2026-08-22,559,ok,2026-04-30T12:35:36Z
WAW-ALC,WAW,ALC,2026-08,return,23,2026-08-23,809,ok,2026-04-30T12:35:36Z
WAW-ALC,WAW,ALC,2026-08,return,24,2026-08-24,509,ok,2026-04-30T12:35:36Z
WAW-ALC,WAW,ALC,2026-08,return,25,2026-08-25,449,ok,2026-04-30T12:35:36Z
WAW-ALC,WAW,ALC,2026-08,return,26,2026-08-26,509,ok,2026-04-30T12:35:36Z
WAW-ALC,WAW,ALC,2026-08,return,27,2026-08-27,509,ok,2026-04-30T12:35:36Z
WAW-ALC,WAW,ALC,2026-08,return,28,2026-08-28,809,ok,2026-04-30T12:35:36Z
WAW-ALC,WAW,ALC,2026-08,return,29,2026-08-29,669,ok,2026-04-30T12:35:36Z
WAW-ALC,WAW,ALC,2026-08,return,30,2026-08-30,669,ok,2026-04-30T12:35:36Z
WAW-ALC,WAW,ALC,2026-08,return,31,2026-08-31,849,ok,2026-04-30T12:35:36Z
