route,origin,destination,date,price_amount,currency,price_type,class_of_service,has_mac_flight,scraped_at_utc
WAW-AGA,WAW,AGA,2026-05-01,0.0,PLN,noData,,False,2026-04-30T22:23:59Z
WAW-AGA,WAW,AGA,2026-05-02,449.0,PLN,price,KL,False,2026-04-30T22:23:59Z
WAW-AGA,WAW,AGA,2026-05-03,0.0,PLN,noData,,False,2026-04-30T22:23:59Z
WAW-AGA,WAW,AGA,2026-05-04,0.0,PLN,noData,,False,2026-04-30T22:23:59Z
WAW-AGA,WAW,AGA,2026-05-05,219.0,PLN,price,R,False,2026-04-30T22:23:59Z
WAW-AGA,WAW,AGA,2026-05-06,0.0,PLN,noData,,False,2026-04-30T22:23:59Z
WAW-AGA,WAW,AGA,2026-05-07,0.0,PLN,noData,,False,2026-04-30T22:23:59Z
WAW-AGA,WAW,AGA,2026-05-08,0.0,PLN,noData,,False,2026-04-30T22:23:59Z
WAW-AGA,WAW,AGA,2026-05-09,0.0,PLN,noData,,False,2026-04-30T22:23:59Z
WAW-AGA,WAW,AGA,2026-05-10,0.0,PLN,noData,,False,2026-04-30T22:23:59Z
WAW-AGA,WAW,AGA,2026-05-11,0.0,PLN,noData,,False,2026-04-30T22:23:59Z
WAW-AGA,WAW,AGA,2026-05-12,339.0,PLN,price,BO,False,2026-04-30T22:23:59Z
WAW-AGA,WAW,AGA,2026-05-13,0.0,PLN,noData,,False,2026-04-30T22:23:59Z
WAW-AGA,WAW,AGA,2026-05-14,0.0,PLN,noData,,False,2026-04-30T22:23:59Z
WAW-AGA,WAW,AGA,2026-05-15,0.0,PLN,noData,,False,2026-04-30T22:23:59Z
WAW-AGA,WAW,AGA,2026-05-16,289.0,PLN,price,OP,False,2026-04-30T22:23:59Z
WAW-AGA,WAW,AGA,2026-05-17,0.0,PLN,noData,,False,2026-04-30T22:23:59Z
WAW-AGA,WAW,AGA,2026-05-18,0.0,PLN,noData,,False,2026-04-30T22:23:59Z
WAW-AGA,WAW,AGA,2026-05-19,249.0,PLN,price,PR,False,2026-04-30T22:23:59Z
WAW-AGA,WAW,AGA,2026-05-20,0.0,PLN,noData,,False,2026-04-30T22:23:59Z
WAW-AGA,WAW,AGA,2026-05-21,0.0,PLN,noData,,False,2026-04-30T22:23:59Z
WAW-AGA,WAW,AGA,2026-05-22,0.0,PLN,noData,,False,2026-04-30T22:23:59Z
WAW-AGA,WAW,AGA,2026-05-23,219.0,PLN,price,R,False,2026-04-30T22:23:59Z
WAW-AGA,WAW,AGA,2026-05-24,0.0,PLN,noData,,False,2026-04-30T22:23:59Z
WAW-AGA,WAW,AGA,2026-05-25,0.0,PLN,noData,,False,2026-04-30T22:23:59Z
WAW-AGA,WAW,AGA,2026-05-26,219.0,PLN,price,R,False,2026-04-30T22:23:59Z
WAW-AGA,WAW,AGA,2026-05-27,0.0,PLN,noData,,False,2026-04-30T22:23:59Z
WAW-AGA,WAW,AGA,2026-05-28,0.0,PLN,noData,,False,2026-04-30T22:23:59Z
WAW-AGA,WAW,AGA,2026-05-29,0.0,PLN,noData,,False,2026-04-30T22:23:59Z
WAW-AGA,WAW,AGA,2026-05-30,0.0,PLN,noData,,False,2026-04-30T22:23:59Z
WAW-AGA,WAW,AGA,2026-05-31,0.0,PLN,noData,,False,2026-04-30T22:23:59Z
WAW-AGA,WAW,AGA,2026-06-01,0.0,PLN,noData,,False,2026-04-30T22:23:59Z
WAW-AGA,WAW,AGA,2026-06-02,249.0,PLN,price,PR,False,2026-04-30T22:23:59Z
WAW-AGA,WAW,AGA,2026-06-03,0.0,PLN,noData,,False,2026-04-30T22:23:59Z
WAW-AGA,WAW,AGA,2026-06-04,0.0,PLN,noData,,False,2026-04-30T22:23:59Z
WAW-AGA,WAW,AGA,2026-06-05,0.0,PLN,noData,,False,2026-04-30T22:23:59Z
WAW-AGA,WAW,AGA,2026-06-06,219.0,PLN,price,R,False,2026-04-30T22:23:59Z
WAW-AGA,WAW,AGA,2026-06-07,0.0,PLN,noData,,False,2026-04-30T22:23:59Z
WAW-AGA,WAW,AGA,2026-06-08,0.0,PLN,noData,,False,2026-04-30T22:23:59Z
WAW-AGA,WAW,AGA,2026-06-09,0.0,PLN,noData,,False,2026-04-30T22:23:59Z
WAW-AGA,WAW,AGA,2026-06-10,0.0,PLN,noData,,False,2026-04-30T22:23:59Z
WAW-AGA,WAW,AGA,2026-06-11,0.0,PLN,noData,,False,2026-04-30T22:23:59Z
WAW-AGA,WAW,AGA,2026-06-12,0.0,PLN,noData,,False,2026-04-30T22:23:59Z
WAW-AGA,WAW,AGA,2026-06-13,0.0,PLN,noData,,False,2026-04-30T22:23:59Z
WAW-AGA,WAW,AGA,2026-06-14,0.0,PLN,noData,,False,2026-04-30T22:23:59Z
WAW-AGA,WAW,AGA,2026-06-15,0.0,PLN,noData,,False,2026-04-30T22:23:59Z
WAW-AGA,WAW,AGA,2026-06-16,0.0,PLN,noData,,False,2026-04-30T22:23:59Z
WAW-AGA,WAW,AGA,2026-06-17,0.0,PLN,noData,,False,2026-04-30T22:23:59Z
WAW-AGA,WAW,AGA,2026-06-18,0.0,PLN,noData,,False,2026-04-30T22:23:59Z
WAW-AGA,WAW,AGA,2026-06-19,0.0,PLN,noData,,False,2026-04-30T22:23:59Z
WAW-AGA,WAW,AGA,2026-06-20,0.0,PLN,noData,,False,2026-04-30T22:23:59Z
WAW-AGA,WAW,AGA,2026-06-21,0.0,PLN,noData,,False,2026-04-30T22:23:59Z
WAW-AGA,WAW,AGA,2026-06-22,0.0,PLN,noData,,False,2026-04-30T22:23:59Z
WAW-AGA,WAW,AGA,2026-06-23,0.0,PLN,noData,,False,2026-04-30T22:23:59Z
WAW-AGA,WAW,AGA,2026-06-24,0.0,PLN,noData,,False,2026-04-30T22:23:59Z
WAW-AGA,WAW,AGA,2026-06-25,0.0,PLN,noData,,False,2026-04-30T22:23:59Z
WAW-AGA,WAW,AGA,2026-06-26,0.0,PLN,noData,,False,2026-04-30T22:23:59Z
WAW-AGA,WAW,AGA,2026-06-27,0.0,PLN,noData,,False,2026-04-30T22:23:59Z
WAW-AGA,WAW,AGA,2026-06-28,0.0,PLN,noData,,False,2026-04-30T22:23:59Z
WAW-AGA,WAW,AGA,2026-06-29,0.0,PLN,noData,,False,2026-04-30T22:23:59Z
WAW-AGA,WAW,AGA,2026-06-30,0.0,PLN,noData,,False,2026-04-30T22:23:59Z
WAW-AGA,WAW,AGA,2026-07-01,0.0,PLN,noData,,False,2026-04-30T22:23:59Z
WAW-AGA,WAW,AGA,2026-07-02,0.0,PLN,noData,,False,2026-04-30T22:23:59Z
WAW-AGA,WAW,AGA,2026-07-03,0.0,PLN,noData,,False,2026-04-30T22:23:59Z
WAW-AGA,WAW,AGA,2026-07-04,0.0,PLN,noData,,False,2026-04-30T22:23:59Z
WAW-AGA,WAW,AGA,2026-07-05,0.0,PLN,noData,,False,2026-04-30T22:23:59Z
WAW-AGA,WAW,AGA,2026-07-06,0.0,PLN,noData,,False,2026-04-30T22:23:59Z
WAW-AGA,WAW,AGA,2026-07-07,0.0,PLN,noData,,False,2026-04-30T22:23:59Z
WAW-AGA,WAW,AGA,2026-07-08,0.0,PLN,noData,,False,2026-04-30T22:23:59Z
WAW-AGA,WAW,AGA,2026-07-09,0.0,PLN,noData,,False,2026-04-30T22:23:59Z
WAW-AGA,WAW,AGA,2026-07-10,0.0,PLN,noData,,False,2026-04-30T22:23:59Z
WAW-AGA,WAW,AGA,2026-07-11,0.0,PLN,noData,,False,2026-04-30T22:23:59Z
WAW-AGA,WAW,AGA,2026-07-12,0.0,PLN,noData,,False,2026-04-30T22:23:59Z
WAW-AGA,WAW,AGA,2026-07-13,0.0,PLN,noData,,False,2026-04-30T22:23:59Z
WAW-AGA,WAW,AGA,2026-07-14,0.0,PLN,noData,,False,2026-04-30T22:23:59Z
WAW-AGA,WAW,AGA,2026-07-15,0.0,PLN,noData,,False,2026-04-30T22:23:59Z
WAW-AGA,WAW,AGA,2026-07-16,0.0,PLN,noData,,False,2026-04-30T22:23:59Z
WAW-AGA,WAW,AGA,2026-07-17,0.0,PLN,noData,,False,2026-04-30T22:23:59Z
WAW-AGA,WAW,AGA,2026-07-18,0.0,PLN,noData,,False,2026-04-30T22:23:59Z
WAW-AGA,WAW,AGA,2026-07-19,0.0,PLN,noData,,False,2026-04-30T22:23:59Z
WAW-AGA,WAW,AGA,2026-07-20,0.0,PLN,noData,,False,2026-04-30T22:23:59Z
WAW-AGA,WAW,AGA,2026-07-21,0.0,PLN,noData,,False,2026-04-30T22:23:59Z
WAW-AGA,WAW,AGA,2026-07-22,0.0,PLN,noData,,False,2026-04-30T22:23:59Z
WAW-AGA,WAW,AGA,2026-07-23,0.0,PLN,noData,,False,2026-04-30T22:23:59Z
WAW-AGA,WAW,AGA,2026-07-24,0.0,PLN,noData,,False,2026-04-30T22:23:59Z
WAW-AGA,WAW,AGA,2026-07-25,0.0,PLN,noData,,False,2026-04-30T22:23:59Z
WAW-AGA,WAW,AGA,2026-07-26,0.0,PLN,noData,,False,2026-04-30T22:23:59Z
WAW-AGA,WAW,AGA,2026-07-27,0.0,PLN,noData,,False,2026-04-30T22:23:59Z
WAW-AGA,WAW,AGA,2026-07-28,0.0,PLN,noData,,False,2026-04-30T22:23:59Z
WAW-AGA,WAW,AGA,2026-07-29,0.0,PLN,noData,,False,2026-04-30T22:23:59Z
WAW-AGA,WAW,AGA,2026-07-30,0.0,PLN,noData,,False,2026-04-30T22:23:59Z
WAW-AGA,WAW,AGA,2026-07-31,0.0,PLN,noData,,False,2026-04-30T22:23:59Z
WAW-AGA,WAW,AGA,2026-08-01,0.0,PLN,noData,,False,2026-04-30T22:23:59Z
WAW-AGA,WAW,AGA,2026-08-02,0.0,PLN,noData,,False,2026-04-30T22:23:59Z
WAW-AGA,WAW,AGA,2026-08-03,0.0,PLN,noData,,False,2026-04-30T22:23:59Z
WAW-AGA,WAW,AGA,2026-08-04,0.0,PLN,noData,,False,2026-04-30T22:23:59Z
WAW-AGA,WAW,AGA,2026-08-05,0.0,PLN,noData,,False,2026-04-30T22:23:59Z
WAW-AGA,WAW,AGA,2026-08-06,0.0,PLN,noData,,False,2026-04-30T22:23:59Z
WAW-AGA,WAW,AGA,2026-08-07,0.0,PLN,noData,,False,2026-04-30T22:23:59Z
WAW-AGA,WAW,AGA,2026-08-08,0.0,PLN,noData,,False,2026-04-30T22:23:59Z
WAW-AGA,WAW,AGA,2026-08-09,0.0,PLN,noData,,False,2026-04-30T22:23:59Z
WAW-AGA,WAW,AGA,2026-08-10,0.0,PLN,noData,,False,2026-04-30T22:23:59Z
WAW-AGA,WAW,AGA,2026-08-11,0.0,PLN,noData,,False,2026-04-30T22:23:59Z
WAW-AGA,WAW,AGA,2026-08-12,0.0,PLN,noData,,False,2026-04-30T22:23:59Z
WAW-AGA,WAW,AGA,2026-08-13,0.0,PLN,noData,,False,2026-04-30T22:23:59Z
WAW-AGA,WAW,AGA,2026-08-14,0.0,PLN,noData,,False,2026-04-30T22:23:59Z
WAW-AGA,WAW,AGA,2026-08-15,0.0,PLN,noData,,False,2026-04-30T22:23:59Z
WAW-AGA,WAW,AGA,2026-08-16,0.0,PLN,noData,,False,2026-04-30T22:23:59Z
WAW-AGA,WAW,AGA,2026-08-17,0.0,PLN,noData,,False,2026-04-30T22:23:59Z
WAW-AGA,WAW,AGA,2026-08-18,0.0,PLN,noData,,False,2026-04-30T22:23:59Z
WAW-AGA,WAW,AGA,2026-08-19,0.0,PLN,noData,,False,2026-04-30T22:23:59Z
WAW-AGA,WAW,AGA,2026-08-20,0.0,PLN,noData,,False,2026-04-30T22:23:59Z
WAW-AGA,WAW,AGA,2026-08-21,0.0,PLN,noData,,False,2026-04-30T22:23:59Z
WAW-AGA,WAW,AGA,2026-08-22,0.0,PLN,noData,,False,2026-04-30T22:23:59Z
WAW-AGA,WAW,AGA,2026-08-23,0.0,PLN,noData,,False,2026-04-30T22:23:59Z
WAW-AGA,WAW,AGA,2026-08-24,0.0,PLN,noData,,False,2026-04-30T22:23:59Z
WAW-AGA,WAW,AGA,2026-08-25,0.0,PLN,noData,,False,2026-04-30T22:23:59Z
WAW-AGA,WAW,AGA,2026-08-26,0.0,PLN,noData,,False,2026-04-30T22:23:59Z
WAW-AGA,WAW,AGA,2026-08-27,0.0,PLN,noData,,False,2026-04-30T22:23:59Z
WAW-AGA,WAW,AGA,2026-08-28,0.0,PLN,noData,,False,2026-04-30T22:23:59Z
WAW-AGA,WAW,AGA,2026-08-29,0.0,PLN,noData,,False,2026-04-30T22:23:59Z
WAW-AGA,WAW,AGA,2026-08-30,0.0,PLN,noData,,False,2026-04-30T22:23:59Z
WAW-AGA,WAW,AGA,2026-08-31,0.0,PLN,noData,,False,2026-04-30T22:23:59Z
AGA-WAW,AGA,WAW,2026-05-01,0.0,USD,noData,,False,2026-04-30T22:23:59Z
AGA-WAW,AGA,WAW,2026-05-02,157.99,USD,price,J,False,2026-04-30T22:23:59Z
AGA-WAW,AGA,WAW,2026-05-03,0.0,USD,noData,,False,2026-04-30T22:23:59Z
AGA-WAW,AGA,WAW,2026-05-04,0.0,USD,noData,,False,2026-04-30T22:23:59Z
AGA-WAW,AGA,WAW,2026-05-05,121.99,USD,price,KL,False,2026-04-30T22:23:59Z
AGA-WAW,AGA,WAW,2026-05-06,0.0,USD,noData,,False,2026-04-30T22:23:59Z
AGA-WAW,AGA,WAW,2026-05-07,0.0,USD,noData,,False,2026-04-30T22:23:59Z
AGA-WAW,AGA,WAW,2026-05-08,0.0,USD,noData,,False,2026-04-30T22:23:59Z
AGA-WAW,AGA,WAW,2026-05-09,0.0,USD,noData,,False,2026-04-30T22:23:59Z
AGA-WAW,AGA,WAW,2026-05-10,0.0,USD,noData,,False,2026-04-30T22:23:59Z
AGA-WAW,AGA,WAW,2026-05-11,0.0,USD,noData,,False,2026-04-30T22:23:59Z
AGA-WAW,AGA,WAW,2026-05-12,104.99,USD,price,LB,False,2026-04-30T22:23:59Z
AGA-WAW,AGA,WAW,2026-05-13,0.0,USD,noData,,False,2026-04-30T22:23:59Z
AGA-WAW,AGA,WAW,2026-05-14,0.0,USD,noData,,False,2026-04-30T22:23:59Z
AGA-WAW,AGA,WAW,2026-05-15,0.0,USD,noData,,False,2026-04-30T22:23:59Z
AGA-WAW,AGA,WAW,2026-05-16,60.99,USD,price,R,False,2026-04-30T22:23:59Z
AGA-WAW,AGA,WAW,2026-05-17,0.0,USD,noData,,False,2026-04-30T22:23:59Z
AGA-WAW,AGA,WAW,2026-05-18,0.0,USD,noData,,False,2026-04-30T22:23:59Z
AGA-WAW,AGA,WAW,2026-05-19,84.99,USD,price,O,False,2026-04-30T22:23:59Z
AGA-WAW,AGA,WAW,2026-05-20,0.0,USD,noData,,False,2026-04-30T22:23:59Z
AGA-WAW,AGA,WAW,2026-05-21,0.0,USD,noData,,False,2026-04-30T22:23:59Z
AGA-WAW,AGA,WAW,2026-05-22,0.0,USD,noData,,False,2026-04-30T22:23:59Z
AGA-WAW,AGA,WAW,2026-05-23,79.99,USD,price,OP,False,2026-04-30T22:23:59Z
AGA-WAW,AGA,WAW,2026-05-24,0.0,USD,noData,,False,2026-04-30T22:23:59Z
AGA-WAW,AGA,WAW,2026-05-25,0.0,USD,noData,,False,2026-04-30T22:23:59Z
AGA-WAW,AGA,WAW,2026-05-26,84.99,USD,price,O,False,2026-04-30T22:23:59Z
AGA-WAW,AGA,WAW,2026-05-27,0.0,USD,noData,,False,2026-04-30T22:23:59Z
AGA-WAW,AGA,WAW,2026-05-28,0.0,USD,noData,,False,2026-04-30T22:23:59Z
AGA-WAW,AGA,WAW,2026-05-29,0.0,USD,noData,,False,2026-04-30T22:23:59Z
AGA-WAW,AGA,WAW,2026-05-30,0.0,USD,noData,,False,2026-04-30T22:23:59Z
AGA-WAW,AGA,WAW,2026-05-31,0.0,USD,noData,,False,2026-04-30T22:23:59Z
AGA-WAW,AGA,WAW,2026-06-01,0.0,USD,noData,,False,2026-04-30T22:23:59Z
AGA-WAW,AGA,WAW,2026-06-02,79.99,USD,price,OP,False,2026-04-30T22:23:59Z
AGA-WAW,AGA,WAW,2026-06-03,0.0,USD,noData,,False,2026-04-30T22:23:59Z
AGA-WAW,AGA,WAW,2026-06-04,0.0,USD,noData,,False,2026-04-30T22:23:59Z
AGA-WAW,AGA,WAW,2026-06-05,0.0,USD,noData,,False,2026-04-30T22:23:59Z
AGA-WAW,AGA,WAW,2026-06-06,109.99,USD,price,L,False,2026-04-30T22:23:59Z
AGA-WAW,AGA,WAW,2026-06-07,0.0,USD,noData,,False,2026-04-30T22:23:59Z
AGA-WAW,AGA,WAW,2026-06-08,0.0,USD,noData,,False,2026-04-30T22:23:59Z
AGA-WAW,AGA,WAW,2026-06-09,0.0,USD,noData,,False,2026-04-30T22:23:59Z
AGA-WAW,AGA,WAW,2026-06-10,0.0,USD,noData,,False,2026-04-30T22:23:59Z
AGA-WAW,AGA,WAW,2026-06-11,0.0,USD,noData,,False,2026-04-30T22:23:59Z
AGA-WAW,AGA,WAW,2026-06-12,0.0,USD,noData,,False,2026-04-30T22:23:59Z
AGA-WAW,AGA,WAW,2026-06-13,0.0,USD,noData,,False,2026-04-30T22:23:59Z
AGA-WAW,AGA,WAW,2026-06-14,0.0,USD,noData,,False,2026-04-30T22:23:59Z
AGA-WAW,AGA,WAW,2026-06-15,0.0,USD,noData,,False,2026-04-30T22:23:59Z
AGA-WAW,AGA,WAW,2026-06-16,0.0,USD,noData,,False,2026-04-30T22:23:59Z
AGA-WAW,AGA,WAW,2026-06-17,0.0,USD,noData,,False,2026-04-30T22:23:59Z
AGA-WAW,AGA,WAW,2026-06-18,0.0,USD,noData,,False,2026-04-30T22:23:59Z
AGA-WAW,AGA,WAW,2026-06-19,0.0,USD,noData,,False,2026-04-30T22:23:59Z
AGA-WAW,AGA,WAW,2026-06-20,0.0,USD,noData,,False,2026-04-30T22:23:59Z
AGA-WAW,AGA,WAW,2026-06-21,0.0,USD,noData,,False,2026-04-30T22:23:59Z
AGA-WAW,AGA,WAW,2026-06-22,0.0,USD,noData,,False,2026-04-30T22:23:59Z
AGA-WAW,AGA,WAW,2026-06-23,0.0,USD,noData,,False,2026-04-30T22:23:59Z
AGA-WAW,AGA,WAW,2026-06-24,0.0,USD,noData,,False,2026-04-30T22:23:59Z
AGA-WAW,AGA,WAW,2026-06-25,0.0,USD,noData,,False,2026-04-30T22:23:59Z
AGA-WAW,AGA,WAW,2026-06-26,0.0,USD,noData,,False,2026-04-30T22:23:59Z
AGA-WAW,AGA,WAW,2026-06-27,0.0,USD,noData,,False,2026-04-30T22:23:59Z
AGA-WAW,AGA,WAW,2026-06-28,0.0,USD,noData,,False,2026-04-30T22:23:59Z
AGA-WAW,AGA,WAW,2026-06-29,0.0,USD,noData,,False,2026-04-30T22:23:59Z
AGA-WAW,AGA,WAW,2026-06-30,0.0,USD,noData,,False,2026-04-30T22:23:59Z
AGA-WAW,AGA,WAW,2026-07-01,0.0,USD,noData,,False,2026-04-30T22:23:59Z
AGA-WAW,AGA,WAW,2026-07-02,0.0,USD,noData,,False,2026-04-30T22:23:59Z
AGA-WAW,AGA,WAW,2026-07-03,0.0,USD,noData,,False,2026-04-30T22:23:59Z
AGA-WAW,AGA,WAW,2026-07-04,0.0,USD,noData,,False,2026-04-30T22:23:59Z
AGA-WAW,AGA,WAW,2026-07-05,0.0,USD,noData,,False,2026-04-30T22:23:59Z
AGA-WAW,AGA,WAW,2026-07-06,0.0,USD,noData,,False,2026-04-30T22:23:59Z
AGA-WAW,AGA,WAW,2026-07-07,0.0,USD,noData,,False,2026-04-30T22:23:59Z
AGA-WAW,AGA,WAW,2026-07-08,0.0,USD,noData,,False,2026-04-30T22:23:59Z
AGA-WAW,AGA,WAW,2026-07-09,0.0,USD,noData,,False,2026-04-30T22:23:59Z
AGA-WAW,AGA,WAW,2026-07-10,0.0,USD,noData,,False,2026-04-30T22:23:59Z
AGA-WAW,AGA,WAW,2026-07-11,0.0,USD,noData,,False,2026-04-30T22:23:59Z
AGA-WAW,AGA,WAW,2026-07-12,0.0,USD,noData,,False,2026-04-30T22:23:59Z
AGA-WAW,AGA,WAW,2026-07-13,0.0,USD,noData,,False,2026-04-30T22:23:59Z
AGA-WAW,AGA,WAW,2026-07-14,0.0,USD,noData,,False,2026-04-30T22:23:59Z
AGA-WAW,AGA,WAW,2026-07-15,0.0,USD,noData,,False,2026-04-30T22:23:59Z
AGA-WAW,AGA,WAW,2026-07-16,0.0,USD,noData,,False,2026-04-30T22:23:59Z
AGA-WAW,AGA,WAW,2026-07-17,0.0,USD,noData,,False,2026-04-30T22:23:59Z
AGA-WAW,AGA,WAW,2026-07-18,0.0,USD,noData,,False,2026-04-30T22:23:59Z
AGA-WAW,AGA,WAW,2026-07-19,0.0,USD,noData,,False,2026-04-30T22:23:59Z
AGA-WAW,AGA,WAW,2026-07-20,0.0,USD,noData,,False,2026-04-30T22:23:59Z
AGA-WAW,AGA,WAW,2026-07-21,0.0,USD,noData,,False,2026-04-30T22:23:59Z
AGA-WAW,AGA,WAW,2026-07-22,0.0,USD,noData,,False,2026-04-30T22:23:59Z
AGA-WAW,AGA,WAW,2026-07-23,0.0,USD,noData,,False,2026-04-30T22:23:59Z
AGA-WAW,AGA,WAW,2026-07-24,0.0,USD,noData,,False,2026-04-30T22:23:59Z
AGA-WAW,AGA,WAW,2026-07-25,0.0,USD,noData,,False,2026-04-30T22:23:59Z
AGA-WAW,AGA,WAW,2026-07-26,0.0,USD,noData,,False,2026-04-30T22:23:59Z
AGA-WAW,AGA,WAW,2026-07-27,0.0,USD,noData,,False,2026-04-30T22:23:59Z
AGA-WAW,AGA,WAW,2026-07-28,0.0,USD,noData,,False,2026-04-30T22:23:59Z
AGA-WAW,AGA,WAW,2026-07-29,0.0,USD,noData,,False,2026-04-30T22:23:59Z
AGA-WAW,AGA,WAW,2026-07-30,0.0,USD,noData,,False,2026-04-30T22:23:59Z
AGA-WAW,AGA,WAW,2026-07-31,0.0,USD,noData,,False,2026-04-30T22:23:59Z
AGA-WAW,AGA,WAW,2026-08-01,0.0,USD,noData,,False,2026-04-30T22:23:59Z
AGA-WAW,AGA,WAW,2026-08-02,0.0,USD,noData,,False,2026-04-30T22:23:59Z
AGA-WAW,AGA,WAW,2026-08-03,0.0,USD,noData,,False,2026-04-30T22:23:59Z
AGA-WAW,AGA,WAW,2026-08-04,0.0,USD,noData,,False,2026-04-30T22:23:59Z
AGA-WAW,AGA,WAW,2026-08-05,0.0,USD,noData,,False,2026-04-30T22:23:59Z
AGA-WAW,AGA,WAW,2026-08-06,0.0,USD,noData,,False,2026-04-30T22:23:59Z
AGA-WAW,AGA,WAW,2026-08-07,0.0,USD,noData,,False,2026-04-30T22:23:59Z
AGA-WAW,AGA,WAW,2026-08-08,0.0,USD,noData,,False,2026-04-30T22:23:59Z
AGA-WAW,AGA,WAW,2026-08-09,0.0,USD,noData,,False,2026-04-30T22:23:59Z
AGA-WAW,AGA,WAW,2026-08-10,0.0,USD,noData,,False,2026-04-30T22:23:59Z
AGA-WAW,AGA,WAW,2026-08-11,0.0,USD,noData,,False,2026-04-30T22:23:59Z
AGA-WAW,AGA,WAW,2026-08-12,0.0,USD,noData,,False,2026-04-30T22:23:59Z
AGA-WAW,AGA,WAW,2026-08-13,0.0,USD,noData,,False,2026-04-30T22:23:59Z
AGA-WAW,AGA,WAW,2026-08-14,0.0,USD,noData,,False,2026-04-30T22:23:59Z
AGA-WAW,AGA,WAW,2026-08-15,0.0,USD,noData,,False,2026-04-30T22:23:59Z
AGA-WAW,AGA,WAW,2026-08-16,0.0,USD,noData,,False,2026-04-30T22:23:59Z
AGA-WAW,AGA,WAW,2026-08-17,0.0,USD,noData,,False,2026-04-30T22:23:59Z
AGA-WAW,AGA,WAW,2026-08-18,0.0,USD,noData,,False,2026-04-30T22:23:59Z
AGA-WAW,AGA,WAW,2026-08-19,0.0,USD,noData,,False,2026-04-30T22:23:59Z
AGA-WAW,AGA,WAW,2026-08-20,0.0,USD,noData,,False,2026-04-30T22:23:59Z
AGA-WAW,AGA,WAW,2026-08-21,0.0,USD,noData,,False,2026-04-30T22:23:59Z
AGA-WAW,AGA,WAW,2026-08-22,0.0,USD,noData,,False,2026-04-30T22:23:59Z
AGA-WAW,AGA,WAW,2026-08-23,0.0,USD,noData,,False,2026-04-30T22:23:59Z
AGA-WAW,AGA,WAW,2026-08-24,0.0,USD,noData,,False,2026-04-30T22:23:59Z
AGA-WAW,AGA,WAW,2026-08-25,0.0,USD,noData,,False,2026-04-30T22:23:59Z
AGA-WAW,AGA,WAW,2026-08-26,0.0,USD,noData,,False,2026-04-30T22:23:59Z
AGA-WAW,AGA,WAW,2026-08-27,0.0,USD,noData,,False,2026-04-30T22:23:59Z
AGA-WAW,AGA,WAW,2026-08-28,0.0,USD,noData,,False,2026-04-30T22:23:59Z
AGA-WAW,AGA,WAW,2026-08-29,0.0,USD,noData,,False,2026-04-30T22:23:59Z
AGA-WAW,AGA,WAW,2026-08-30,0.0,USD,noData,,False,2026-04-30T22:23:59Z
AGA-WAW,AGA,WAW,2026-08-31,0.0,USD,noData,,False,2026-04-30T22:23:59Z
WAW-AGP,WAW,AGP,2026-05-01,0.0,PLN,checkPrice,FE,False,2026-04-30T22:23:59Z
WAW-AGP,WAW,AGP,2026-05-02,669.0,PLN,price,HI,False,2026-04-30T22:23:59Z
WAW-AGP,WAW,AGP,2026-05-03,719.0,PLN,price,H,False,2026-04-30T22:23:59Z
WAW-AGP,WAW,AGP,2026-05-04,509.0,PLN,price,J,False,2026-04-30T22:23:59Z
WAW-AGP,WAW,AGP,2026-05-05,289.0,PLN,price,LB,False,2026-04-30T22:23:59Z
WAW-AGP,WAW,AGP,2026-05-06,269.0,PLN,price,B,False,2026-04-30T22:23:59Z
WAW-AGP,WAW,AGP,2026-05-07,289.0,PLN,price,LB,False,2026-04-30T22:23:59Z
WAW-AGP,WAW,AGP,2026-05-08,599.0,PLN,price,I,False,2026-04-30T22:23:59Z
WAW-AGP,WAW,AGP,2026-05-09,509.0,PLN,price,J,False,2026-04-30T22:23:59Z
WAW-AGP,WAW,AGP,2026-05-10,599.0,PLN,price,I,False,2026-04-30T22:23:59Z
WAW-AGP,WAW,AGP,2026-05-11,399.0,PLN,price,K,False,2026-04-30T22:23:59Z
WAW-AGP,WAW,AGP,2026-05-12,269.0,PLN,price,B,False,2026-04-30T22:23:59Z
WAW-AGP,WAW,AGP,2026-05-13,269.0,PLN,price,B,False,2026-04-30T22:23:59Z
WAW-AGP,WAW,AGP,2026-05-14,249.0,PLN,price,BO,False,2026-04-30T22:23:59Z
WAW-AGP,WAW,AGP,2026-05-15,289.0,PLN,price,LB,False,2026-04-30T22:23:59Z
WAW-AGP,WAW,AGP,2026-05-16,219.0,PLN,price,O,False,2026-04-30T22:23:59Z
WAW-AGP,WAW,AGP,2026-05-17,269.0,PLN,price,B,False,2026-04-30T22:23:59Z
WAW-AGP,WAW,AGP,2026-05-18,219.0,PLN,price,O,False,2026-04-30T22:23:59Z
WAW-AGP,WAW,AGP,2026-05-19,219.0,PLN,price,O,False,2026-04-30T22:23:59Z
WAW-AGP,WAW,AGP,2026-05-20,269.0,PLN,price,B,False,2026-04-30T22:23:59Z
WAW-AGP,WAW,AGP,2026-05-21,289.0,PLN,price,LB,False,2026-04-30T22:23:59Z
WAW-AGP,WAW,AGP,2026-05-22,309.0,PLN,price,L,False,2026-04-30T22:23:59Z
WAW-AGP,WAW,AGP,2026-05-23,269.0,PLN,price,B,False,2026-04-30T22:23:59Z
WAW-AGP,WAW,AGP,2026-05-24,289.0,PLN,price,LB,False,2026-04-30T22:23:59Z
WAW-AGP,WAW,AGP,2026-05-25,249.0,PLN,price,BO,False,2026-04-30T22:23:59Z
WAW-AGP,WAW,AGP,2026-05-26,219.0,PLN,price,O,False,2026-04-30T22:23:59Z
WAW-AGP,WAW,AGP,2026-05-27,249.0,PLN,price,BO,False,2026-04-30T22:23:59Z
WAW-AGP,WAW,AGP,2026-05-28,219.0,PLN,price,O,False,2026-04-30T22:23:59Z
WAW-AGP,WAW,AGP,2026-05-29,289.0,PLN,price,LB,False,2026-04-30T22:23:59Z
WAW-AGP,WAW,AGP,2026-05-30,399.0,PLN,price,K,False,2026-04-30T22:23:59Z
WAW-AGP,WAW,AGP,2026-05-31,309.0,PLN,price,L,False,2026-04-30T22:23:59Z
WAW-AGP,WAW,AGP,2026-06-01,249.0,PLN,price,BO,False,2026-04-30T22:23:59Z
WAW-AGP,WAW,AGP,2026-06-02,219.0,PLN,price,O,False,2026-04-30T22:23:59Z
WAW-AGP,WAW,AGP,2026-06-03,269.0,PLN,price,B,False,2026-04-30T22:23:59Z
WAW-AGP,WAW,AGP,2026-06-04,359.0,PLN,price,KL,False,2026-04-30T22:23:59Z
WAW-AGP,WAW,AGP,2026-06-05,249.0,PLN,price,BO,False,2026-04-30T22:23:59Z
WAW-AGP,WAW,AGP,2026-06-06,219.0,PLN,price,O,False,2026-04-30T22:23:59Z
WAW-AGP,WAW,AGP,2026-06-07,219.0,PLN,price,O,False,2026-04-30T22:23:59Z
WAW-AGP,WAW,AGP,2026-06-08,219.0,PLN,price,O,False,2026-04-30T22:23:59Z
WAW-AGP,WAW,AGP,2026-06-09,219.0,PLN,price,O,False,2026-04-30T22:23:59Z
WAW-AGP,WAW,AGP,2026-06-10,219.0,PLN,price,O,False,2026-04-30T22:23:59Z
WAW-AGP,WAW,AGP,2026-06-11,219.0,PLN,price,O,False,2026-04-30T22:23:59Z
WAW-AGP,WAW,AGP,2026-06-12,269.0,PLN,price,B,False,2026-04-30T22:23:59Z
WAW-AGP,WAW,AGP,2026-06-13,219.0,PLN,price,O,False,2026-04-30T22:23:59Z
WAW-AGP,WAW,AGP,2026-06-14,289.0,PLN,price,LB,False,2026-04-30T22:23:59Z
WAW-AGP,WAW,AGP,2026-06-15,249.0,PLN,price,BO,False,2026-04-30T22:23:59Z
WAW-AGP,WAW,AGP,2026-06-16,249.0,PLN,price,BO,False,2026-04-30T22:23:59Z
WAW-AGP,WAW,AGP,2026-06-17,249.0,PLN,price,BO,False,2026-04-30T22:23:59Z
WAW-AGP,WAW,AGP,2026-06-18,249.0,PLN,price,BO,False,2026-04-30T22:23:59Z
WAW-AGP,WAW,AGP,2026-06-19,269.0,PLN,price,B,False,2026-04-30T22:23:59Z
WAW-AGP,WAW,AGP,2026-06-20,289.0,PLN,price,LB,False,2026-04-30T22:23:59Z
WAW-AGP,WAW,AGP,2026-06-21,219.0,PLN,price,O,False,2026-04-30T22:23:59Z
WAW-AGP,WAW,AGP,2026-06-22,219.0,PLN,price,O,False,2026-04-30T22:23:59Z
WAW-AGP,WAW,AGP,2026-06-23,219.0,PLN,price,O,False,2026-04-30T22:23:59Z
WAW-AGP,WAW,AGP,2026-06-24,249.0,PLN,price,BO,False,2026-04-30T22:23:59Z
WAW-AGP,WAW,AGP,2026-06-25,249.0,PLN,price,BO,False,2026-04-30T22:23:59Z
WAW-AGP,WAW,AGP,2026-06-26,289.0,PLN,price,LB,False,2026-04-30T22:23:59Z
WAW-AGP,WAW,AGP,2026-06-27,449.0,PLN,price,JK,False,2026-04-30T22:23:59Z
WAW-AGP,WAW,AGP,2026-06-28,269.0,PLN,price,B,False,2026-04-30T22:23:59Z
WAW-AGP,WAW,AGP,2026-06-29,399.0,PLN,price,K,False,2026-04-30T22:23:59Z
WAW-AGP,WAW,AGP,2026-06-30,249.0,PLN,price,BO,False,2026-04-30T22:23:59Z
WAW-AGP,WAW,AGP,2026-07-01,449.0,PLN,price,JK,False,2026-04-30T22:23:59Z
WAW-AGP,WAW,AGP,2026-07-02,219.0,PLN,price,O,False,2026-04-30T22:23:59Z
WAW-AGP,WAW,AGP,2026-07-03,289.0,PLN,price,LB,False,2026-04-30T22:23:59Z
WAW-AGP,WAW,AGP,2026-07-04,219.0,PLN,price,O,False,2026-04-30T22:23:59Z
WAW-AGP,WAW,AGP,2026-07-05,249.0,PLN,price,BO,False,2026-04-30T22:23:59Z
WAW-AGP,WAW,AGP,2026-07-06,219.0,PLN,price,O,False,2026-04-30T22:23:59Z
WAW-AGP,WAW,AGP,2026-07-07,219.0,PLN,price,O,False,2026-04-30T22:23:59Z
WAW-AGP,WAW,AGP,2026-07-08,219.0,PLN,price,O,False,2026-04-30T22:23:59Z
WAW-AGP,WAW,AGP,2026-07-09,269.0,PLN,price,B,False,2026-04-30T22:23:59Z
WAW-AGP,WAW,AGP,2026-07-10,219.0,PLN,price,O,False,2026-04-30T22:23:59Z
WAW-AGP,WAW,AGP,2026-07-11,219.0,PLN,price,O,False,2026-04-30T22:23:59Z
WAW-AGP,WAW,AGP,2026-07-12,249.0,PLN,price,BO,False,2026-04-30T22:23:59Z
WAW-AGP,WAW,AGP,2026-07-13,249.0,PLN,price,BO,False,2026-04-30T22:23:59Z
WAW-AGP,WAW,AGP,2026-07-14,289.0,PLN,price,LB,False,2026-04-30T22:23:59Z
WAW-AGP,WAW,AGP,2026-07-15,309.0,PLN,price,L,False,2026-04-30T22:23:59Z
WAW-AGP,WAW,AGP,2026-07-16,219.0,PLN,price,O,False,2026-04-30T22:23:59Z
WAW-AGP,WAW,AGP,2026-07-17,219.0,PLN,price,O,False,2026-04-30T22:23:59Z
WAW-AGP,WAW,AGP,2026-07-18,219.0,PLN,price,O,False,2026-04-30T22:23:59Z
WAW-AGP,WAW,AGP,2026-07-19,399.0,PLN,price,K,False,2026-04-30T22:23:59Z
WAW-AGP,WAW,AGP,2026-07-20,219.0,PLN,price,O,False,2026-04-30T22:23:59Z
WAW-AGP,WAW,AGP,2026-07-21,219.0,PLN,price,O,False,2026-04-30T22:23:59Z
WAW-AGP,WAW,AGP,2026-07-22,249.0,PLN,price,BO,False,2026-04-30T22:23:59Z
WAW-AGP,WAW,AGP,2026-07-23,219.0,PLN,price,O,False,2026-04-30T22:23:59Z
WAW-AGP,WAW,AGP,2026-07-24,359.0,PLN,price,KL,False,2026-04-30T22:23:59Z
WAW-AGP,WAW,AGP,2026-07-25,359.0,PLN,price,KL,False,2026-04-30T22:23:59Z
WAW-AGP,WAW,AGP,2026-07-26,219.0,PLN,price,O,False,2026-04-30T22:23:59Z
WAW-AGP,WAW,AGP,2026-07-27,249.0,PLN,price,BO,False,2026-04-30T22:23:59Z
WAW-AGP,WAW,AGP,2026-07-28,289.0,PLN,price,LB,False,2026-04-30T22:23:59Z
WAW-AGP,WAW,AGP,2026-07-29,219.0,PLN,price,O,False,2026-04-30T22:23:59Z
WAW-AGP,WAW,AGP,2026-07-30,249.0,PLN,price,BO,False,2026-04-30T22:23:59Z
WAW-AGP,WAW,AGP,2026-07-31,399.0,PLN,price,K,False,2026-04-30T22:23:59Z
WAW-AGP,WAW,AGP,2026-08-01,449.0,PLN,price,JK,False,2026-04-30T22:23:59Z
WAW-AGP,WAW,AGP,2026-08-02,809.0,PLN,price,GH,False,2026-04-30T22:23:59Z
WAW-AGP,WAW,AGP,2026-08-03,449.0,PLN,price,JK,False,2026-04-30T22:23:59Z
WAW-AGP,WAW,AGP,2026-08-04,359.0,PLN,price,KL,False,2026-04-30T22:23:59Z
WAW-AGP,WAW,AGP,2026-08-05,289.0,PLN,price,LB,False,2026-04-30T22:23:59Z
WAW-AGP,WAW,AGP,2026-08-06,289.0,PLN,price,LB,False,2026-04-30T22:23:59Z
WAW-AGP,WAW,AGP,2026-08-07,399.0,PLN,price,K,False,2026-04-30T22:23:59Z
WAW-AGP,WAW,AGP,2026-08-08,289.0,PLN,price,LB,False,2026-04-30T22:23:59Z
WAW-AGP,WAW,AGP,2026-08-09,449.0,PLN,price,JK,False,2026-04-30T22:23:59Z
WAW-AGP,WAW,AGP,2026-08-10,599.0,PLN,price,I,False,2026-04-30T22:23:59Z
WAW-AGP,WAW,AGP,2026-08-11,309.0,PLN,price,L,False,2026-04-30T22:23:59Z
WAW-AGP,WAW,AGP,2026-08-12,449.0,PLN,price,JK,False,2026-04-30T22:23:59Z
WAW-AGP,WAW,AGP,2026-08-13,359.0,PLN,price,KL,False,2026-04-30T22:23:59Z
WAW-AGP,WAW,AGP,2026-08-14,399.0,PLN,price,K,False,2026-04-30T22:23:59Z
WAW-AGP,WAW,AGP,2026-08-15,599.0,PLN,price,I,False,2026-04-30T22:23:59Z
WAW-AGP,WAW,AGP,2026-08-16,599.0,PLN,price,I,False,2026-04-30T22:23:59Z
WAW-AGP,WAW,AGP,2026-08-17,509.0,PLN,price,J,False,2026-04-30T22:23:59Z
WAW-AGP,WAW,AGP,2026-08-18,669.0,PLN,price,HI,False,2026-04-30T22:23:59Z
WAW-AGP,WAW,AGP,2026-08-19,449.0,PLN,price,JK,False,2026-04-30T22:23:59Z
WAW-AGP,WAW,AGP,2026-08-20,399.0,PLN,price,K,False,2026-04-30T22:23:59Z
WAW-AGP,WAW,AGP,2026-08-21,449.0,PLN,price,JK,False,2026-04-30T22:23:59Z
WAW-AGP,WAW,AGP,2026-08-22,599.0,PLN,price,I,False,2026-04-30T22:23:59Z
WAW-AGP,WAW,AGP,2026-08-23,559.0,PLN,price,IJ,False,2026-04-30T22:23:59Z
WAW-AGP,WAW,AGP,2026-08-24,809.0,PLN,price,GH,False,2026-04-30T22:23:59Z
WAW-AGP,WAW,AGP,2026-08-25,509.0,PLN,price,J,False,2026-04-30T22:23:59Z
WAW-AGP,WAW,AGP,2026-08-26,449.0,PLN,price,JK,False,2026-04-30T22:23:59Z
WAW-AGP,WAW,AGP,2026-08-27,559.0,PLN,price,IJ,False,2026-04-30T22:23:59Z
WAW-AGP,WAW,AGP,2026-08-28,849.0,PLN,price,G,False,2026-04-30T22:23:59Z
WAW-AGP,WAW,AGP,2026-08-29,359.0,PLN,price,KL,False,2026-04-30T22:23:59Z
WAW-AGP,WAW,AGP,2026-08-30,509.0,PLN,price,J,False,2026-04-30T22:23:59Z
WAW-AGP,WAW,AGP,2026-08-31,399.0,PLN,price,K,False,2026-04-30T22:23:59Z
AGP-WAW,AGP,WAW,2026-05-01,89.99,EUR,price,K,False,2026-04-30T22:23:59Z
AGP-WAW,AGP,WAW,2026-05-02,114.99,EUR,price,J,False,2026-04-30T22:23:59Z
AGP-WAW,AGP,WAW,2026-05-03,0.0,EUR,checkPrice,G,False,2026-04-30T22:23:59Z
AGP-WAW,AGP,WAW,2026-05-04,0.0,EUR,checkPrice,C,False,2026-04-30T22:23:59Z
AGP-WAW,AGP,WAW,2026-05-05,114.99,EUR,price,J,False,2026-04-30T22:23:59Z
AGP-WAW,AGP,WAW,2026-05-06,179.99,EUR,price,GH,False,2026-04-30T22:23:59Z
AGP-WAW,AGP,WAW,2026-05-07,99.99,EUR,price,JK,False,2026-04-30T22:23:59Z
AGP-WAW,AGP,WAW,2026-05-08,89.99,EUR,price,K,False,2026-04-30T22:23:59Z
AGP-WAW,AGP,WAW,2026-05-09,179.99,EUR,price,GH,False,2026-04-30T22:23:59Z
AGP-WAW,AGP,WAW,2026-05-10,89.99,EUR,price,K,False,2026-04-30T22:23:59Z
AGP-WAW,AGP,WAW,2026-05-11,89.99,EUR,price,K,False,2026-04-30T22:23:59Z
AGP-WAW,AGP,WAW,2026-05-12,79.99,EUR,price,KL,False,2026-04-30T22:23:59Z
AGP-WAW,AGP,WAW,2026-05-13,114.99,EUR,price,J,False,2026-04-30T22:23:59Z
AGP-WAW,AGP,WAW,2026-05-14,99.99,EUR,price,JK,False,2026-04-30T22:23:59Z
AGP-WAW,AGP,WAW,2026-05-15,79.99,EUR,price,KL,False,2026-04-30T22:23:59Z
AGP-WAW,AGP,WAW,2026-05-16,89.99,EUR,price,K,False,2026-04-30T22:23:59Z
AGP-WAW,AGP,WAW,2026-05-17,159.99,EUR,price,H,False,2026-04-30T22:23:59Z
AGP-WAW,AGP,WAW,2026-05-18,59.99,EUR,price,B,False,2026-04-30T22:23:59Z
AGP-WAW,AGP,WAW,2026-05-19,49.99,EUR,price,O,False,2026-04-30T22:23:59Z
AGP-WAW,AGP,WAW,2026-05-20,49.99,EUR,price,O,False,2026-04-30T22:23:59Z
AGP-WAW,AGP,WAW,2026-05-21,49.99,EUR,price,O,False,2026-04-30T22:23:59Z
AGP-WAW,AGP,WAW,2026-05-22,65.99,EUR,price,LB,False,2026-04-30T22:23:59Z
AGP-WAW,AGP,WAW,2026-05-23,65.99,EUR,price,LB,False,2026-04-30T22:23:59Z
AGP-WAW,AGP,WAW,2026-05-24,99.99,EUR,price,JK,False,2026-04-30T22:23:59Z
AGP-WAW,AGP,WAW,2026-05-25,79.99,EUR,price,KL,False,2026-04-30T22:23:59Z
AGP-WAW,AGP,WAW,2026-05-26,59.99,EUR,price,B,False,2026-04-30T22:23:59Z
AGP-WAW,AGP,WAW,2026-05-27,55.99,EUR,price,BO,False,2026-04-30T22:23:59Z
AGP-WAW,AGP,WAW,2026-05-28,65.99,EUR,price,LB,False,2026-04-30T22:23:59Z
AGP-WAW,AGP,WAW,2026-05-29,55.99,EUR,price,BO,False,2026-04-30T22:23:59Z
AGP-WAW,AGP,WAW,2026-05-30,49.99,EUR,price,O,False,2026-04-30T22:23:59Z
AGP-WAW,AGP,WAW,2026-05-31,79.99,EUR,price,KL,False,2026-04-30T22:23:59Z
AGP-WAW,AGP,WAW,2026-06-01,114.99,EUR,price,J,False,2026-04-30T22:23:59Z
AGP-WAW,AGP,WAW,2026-06-02,65.99,EUR,price,LB,False,2026-04-30T22:23:59Z
AGP-WAW,AGP,WAW,2026-06-03,49.99,EUR,price,O,False,2026-04-30T22:23:59Z
AGP-WAW,AGP,WAW,2026-06-04,59.99,EUR,price,B,False,2026-04-30T22:23:59Z
AGP-WAW,AGP,WAW,2026-06-05,79.99,EUR,price,KL,False,2026-04-30T22:23:59Z
AGP-WAW,AGP,WAW,2026-06-06,89.99,EUR,price,K,False,2026-04-30T22:23:59Z
AGP-WAW,AGP,WAW,2026-06-07,369.99,EUR,price,DC,False,2026-04-30T22:23:59Z
AGP-WAW,AGP,WAW,2026-06-08,159.99,EUR,price,H,False,2026-04-30T22:23:59Z
AGP-WAW,AGP,WAW,2026-06-09,124.99,EUR,price,IJ,False,2026-04-30T22:23:59Z
AGP-WAW,AGP,WAW,2026-06-10,89.99,EUR,price,K,False,2026-04-30T22:23:59Z
AGP-WAW,AGP,WAW,2026-06-11,124.99,EUR,price,IJ,False,2026-04-30T22:23:59Z
AGP-WAW,AGP,WAW,2026-06-12,89.99,EUR,price,K,False,2026-04-30T22:23:59Z
AGP-WAW,AGP,WAW,2026-06-13,114.99,EUR,price,J,False,2026-04-30T22:23:59Z
AGP-WAW,AGP,WAW,2026-06-14,134.99,EUR,price,I,False,2026-04-30T22:23:59Z
AGP-WAW,AGP,WAW,2026-06-15,99.99,EUR,price,JK,False,2026-04-30T22:23:59Z
AGP-WAW,AGP,WAW,2026-06-16,59.99,EUR,price,B,False,2026-04-30T22:23:59Z
AGP-WAW,AGP,WAW,2026-06-17,89.99,EUR,price,K,False,2026-04-30T22:23:59Z
AGP-WAW,AGP,WAW,2026-06-18,59.99,EUR,price,B,False,2026-04-30T22:23:59Z
AGP-WAW,AGP,WAW,2026-06-19,99.99,EUR,price,JK,False,2026-04-30T22:23:59Z
AGP-WAW,AGP,WAW,2026-06-20,79.99,EUR,price,KL,False,2026-04-30T22:23:59Z
AGP-WAW,AGP,WAW,2026-06-21,79.99,EUR,price,KL,False,2026-04-30T22:23:59Z
AGP-WAW,AGP,WAW,2026-06-22,69.99,EUR,price,L,False,2026-04-30T22:23:59Z
AGP-WAW,AGP,WAW,2026-06-23,69.99,EUR,price,L,False,2026-04-30T22:23:59Z
AGP-WAW,AGP,WAW,2026-06-24,114.99,EUR,price,J,False,2026-04-30T22:23:59Z
AGP-WAW,AGP,WAW,2026-06-25,114.99,EUR,price,J,False,2026-04-30T22:23:59Z
AGP-WAW,AGP,WAW,2026-06-26,99.99,EUR,price,JK,False,2026-04-30T22:23:59Z
AGP-WAW,AGP,WAW,2026-06-27,89.99,EUR,price,K,False,2026-04-30T22:23:59Z
AGP-WAW,AGP,WAW,2026-06-28,79.99,EUR,price,KL,False,2026-04-30T22:23:59Z
AGP-WAW,AGP,WAW,2026-06-29,159.99,EUR,price,H,False,2026-04-30T22:23:59Z
AGP-WAW,AGP,WAW,2026-06-30,99.99,EUR,price,JK,False,2026-04-30T22:23:59Z
AGP-WAW,AGP,WAW,2026-07-01,69.99,EUR,price,L,False,2026-04-30T22:23:59Z
AGP-WAW,AGP,WAW,2026-07-02,65.99,EUR,price,LB,False,2026-04-30T22:23:59Z
AGP-WAW,AGP,WAW,2026-07-03,114.99,EUR,price,J,False,2026-04-30T22:23:59Z
AGP-WAW,AGP,WAW,2026-07-04,89.99,EUR,price,K,False,2026-04-30T22:23:59Z
AGP-WAW,AGP,WAW,2026-07-05,69.99,EUR,price,L,False,2026-04-30T22:23:59Z
AGP-WAW,AGP,WAW,2026-07-06,214.99,EUR,price,GF,False,2026-04-30T22:23:59Z
AGP-WAW,AGP,WAW,2026-07-07,99.99,EUR,price,JK,False,2026-04-30T22:23:59Z
AGP-WAW,AGP,WAW,2026-07-08,89.99,EUR,price,K,False,2026-04-30T22:23:59Z
AGP-WAW,AGP,WAW,2026-07-09,159.99,EUR,price,H,False,2026-04-30T22:23:59Z
AGP-WAW,AGP,WAW,2026-07-10,134.99,EUR,price,I,False,2026-04-30T22:23:59Z
AGP-WAW,AGP,WAW,2026-07-11,179.99,EUR,price,GH,False,2026-04-30T22:23:59Z
AGP-WAW,AGP,WAW,2026-07-12,179.99,EUR,price,GH,False,2026-04-30T22:23:59Z
AGP-WAW,AGP,WAW,2026-07-13,134.99,EUR,price,I,False,2026-04-30T22:23:59Z
AGP-WAW,AGP,WAW,2026-07-14,134.99,EUR,price,I,False,2026-04-30T22:23:59Z
AGP-WAW,AGP,WAW,2026-07-15,89.99,EUR,price,K,False,2026-04-30T22:23:59Z
AGP-WAW,AGP,WAW,2026-07-16,69.99,EUR,price,L,False,2026-04-30T22:23:59Z
AGP-WAW,AGP,WAW,2026-07-17,114.99,EUR,price,J,False,2026-04-30T22:23:59Z
AGP-WAW,AGP,WAW,2026-07-18,124.99,EUR,price,IJ,False,2026-04-30T22:23:59Z
AGP-WAW,AGP,WAW,2026-07-19,99.99,EUR,price,JK,False,2026-04-30T22:23:59Z
AGP-WAW,AGP,WAW,2026-07-20,179.99,EUR,price,GH,False,2026-04-30T22:23:59Z
AGP-WAW,AGP,WAW,2026-07-21,99.99,EUR,price,JK,False,2026-04-30T22:23:59Z
AGP-WAW,AGP,WAW,2026-07-22,134.99,EUR,price,I,False,2026-04-30T22:23:59Z
AGP-WAW,AGP,WAW,2026-07-23,114.99,EUR,price,J,False,2026-04-30T22:23:59Z
AGP-WAW,AGP,WAW,2026-07-24,114.99,EUR,price,J,False,2026-04-30T22:23:59Z
AGP-WAW,AGP,WAW,2026-07-25,99.99,EUR,price,JK,False,2026-04-30T22:23:59Z
AGP-WAW,AGP,WAW,2026-07-26,99.99,EUR,price,JK,False,2026-04-30T22:23:59Z
AGP-WAW,AGP,WAW,2026-07-27,99.99,EUR,price,JK,False,2026-04-30T22:23:59Z
AGP-WAW,AGP,WAW,2026-07-28,89.99,EUR,price,K,False,2026-04-30T22:23:59Z
AGP-WAW,AGP,WAW,2026-07-29,79.99,EUR,price,KL,False,2026-04-30T22:23:59Z
AGP-WAW,AGP,WAW,2026-07-30,89.99,EUR,price,K,False,2026-04-30T22:23:59Z
AGP-WAW,AGP,WAW,2026-07-31,214.99,EUR,price,GF,False,2026-04-30T22:23:59Z
AGP-WAW,AGP,WAW,2026-08-01,114.99,EUR,price,J,False,2026-04-30T22:23:59Z
AGP-WAW,AGP,WAW,2026-08-02,114.99,EUR,price,J,False,2026-04-30T22:23:59Z
AGP-WAW,AGP,WAW,2026-08-03,134.99,EUR,price,I,False,2026-04-30T22:23:59Z
AGP-WAW,AGP,WAW,2026-08-04,134.99,EUR,price,I,False,2026-04-30T22:23:59Z
AGP-WAW,AGP,WAW,2026-08-05,134.99,EUR,price,I,False,2026-04-30T22:23:59Z
AGP-WAW,AGP,WAW,2026-08-06,149.99,EUR,price,HI,False,2026-04-30T22:23:59Z
AGP-WAW,AGP,WAW,2026-08-07,114.99,EUR,price,J,False,2026-04-30T22:23:59Z
AGP-WAW,AGP,WAW,2026-08-08,159.99,EUR,price,H,False,2026-04-30T22:23:59Z
AGP-WAW,AGP,WAW,2026-08-09,134.99,EUR,price,I,False,2026-04-30T22:23:59Z
AGP-WAW,AGP,WAW,2026-08-10,124.99,EUR,price,IJ,False,2026-04-30T22:23:59Z
AGP-WAW,AGP,WAW,2026-08-11,134.99,EUR,price,I,False,2026-04-30T22:23:59Z
AGP-WAW,AGP,WAW,2026-08-12,179.99,EUR,price,GH,False,2026-04-30T22:23:59Z
AGP-WAW,AGP,WAW,2026-08-13,124.99,EUR,price,IJ,False,2026-04-30T22:23:59Z
AGP-WAW,AGP,WAW,2026-08-14,149.99,EUR,price,HI,False,2026-04-30T22:23:59Z
AGP-WAW,AGP,WAW,2026-08-15,124.99,EUR,price,IJ,False,2026-04-30T22:23:59Z
AGP-WAW,AGP,WAW,2026-08-16,124.99,EUR,price,IJ,False,2026-04-30T22:23:59Z
AGP-WAW,AGP,WAW,2026-08-17,134.99,EUR,price,I,False,2026-04-30T22:23:59Z
AGP-WAW,AGP,WAW,2026-08-18,149.99,EUR,price,HI,False,2026-04-30T22:23:59Z
AGP-WAW,AGP,WAW,2026-08-19,134.99,EUR,price,I,False,2026-04-30T22:23:59Z
AGP-WAW,AGP,WAW,2026-08-20,159.99,EUR,price,H,False,2026-04-30T22:23:59Z
AGP-WAW,AGP,WAW,2026-08-21,124.99,EUR,price,IJ,False,2026-04-30T22:23:59Z
AGP-WAW,AGP,WAW,2026-08-22,114.99,EUR,price,J,False,2026-04-30T22:23:59Z
AGP-WAW,AGP,WAW,2026-08-23,179.99,EUR,price,GH,False,2026-04-30T22:23:59Z
AGP-WAW,AGP,WAW,2026-08-24,114.99,EUR,price,J,False,2026-04-30T22:23:59Z
AGP-WAW,AGP,WAW,2026-08-25,114.99,EUR,price,J,False,2026-04-30T22:23:59Z
AGP-WAW,AGP,WAW,2026-08-26,114.99,EUR,price,J,False,2026-04-30T22:23:59Z
AGP-WAW,AGP,WAW,2026-08-27,99.99,EUR,price,JK,False,2026-04-30T22:23:59Z
AGP-WAW,AGP,WAW,2026-08-28,179.99,EUR,price,GH,False,2026-04-30T22:23:59Z
AGP-WAW,AGP,WAW,2026-08-29,114.99,EUR,price,J,False,2026-04-30T22:23:59Z
AGP-WAW,AGP,WAW,2026-08-30,189.99,EUR,price,G,False,2026-04-30T22:23:59Z
AGP-WAW,AGP,WAW,2026-08-31,124.99,EUR,price,IJ,False,2026-04-30T22:23:59Z
WAW-ALC,WAW,ALC,2026-05-01,0.0,PLN,checkPrice,ED,False,2026-04-30T22:23:59Z
WAW-ALC,WAW,ALC,2026-05-02,509.0,PLN,price,J,False,2026-04-30T22:23:59Z
WAW-ALC,WAW,ALC,2026-05-03,809.0,PLN,price,GH,False,2026-04-30T22:23:59Z
WAW-ALC,WAW,ALC,2026-05-04,0.0,PLN,checkPrice,G,False,2026-04-30T22:23:59Z
WAW-ALC,WAW,ALC,2026-05-05,399.0,PLN,price,K,False,2026-04-30T22:23:59Z
WAW-ALC,WAW,ALC,2026-05-06,559.0,PLN,price,IJ,False,2026-04-30T22:23:59Z
WAW-ALC,WAW,ALC,2026-05-07,309.0,PLN,price,L,False,2026-04-30T22:23:59Z
WAW-ALC,WAW,ALC,2026-05-08,509.0,PLN,price,J,False,2026-04-30T22:23:59Z
WAW-ALC,WAW,ALC,2026-05-09,0.0,PLN,checkPrice,GF,False,2026-04-30T22:23:59Z
WAW-ALC,WAW,ALC,2026-05-10,669.0,PLN,price,HI,False,2026-04-30T22:23:59Z
WAW-ALC,WAW,ALC,2026-05-11,309.0,PLN,price,L,False,2026-04-30T22:23:59Z
WAW-ALC,WAW,ALC,2026-05-12,209.0,PLN,price,OP,False,2026-04-30T22:23:59Z
WAW-ALC,WAW,ALC,2026-05-13,359.0,PLN,price,KL,False,2026-04-30T22:23:59Z
WAW-ALC,WAW,ALC,2026-05-14,289.0,PLN,price,LB,False,2026-04-30T22:23:59Z
WAW-ALC,WAW,ALC,2026-05-15,269.0,PLN,price,B,False,2026-04-30T22:23:59Z
WAW-ALC,WAW,ALC,2026-05-16,249.0,PLN,price,BO,False,2026-04-30T22:23:59Z
WAW-ALC,WAW,ALC,2026-05-17,449.0,PLN,price,JK,False,2026-04-30T22:23:59Z
WAW-ALC,WAW,ALC,2026-05-18,269.0,PLN,price,B,False,2026-04-30T22:23:59Z
WAW-ALC,WAW,ALC,2026-05-19,209.0,PLN,price,OP,False,2026-04-30T22:23:59Z
WAW-ALC,WAW,ALC,2026-05-20,249.0,PLN,price,BO,False,2026-04-30T22:23:59Z
WAW-ALC,WAW,ALC,2026-05-21,249.0,PLN,price,BO,False,2026-04-30T22:23:59Z
WAW-ALC,WAW,ALC,2026-05-22,269.0,PLN,price,B,False,2026-04-30T22:23:59Z
WAW-ALC,WAW,ALC,2026-05-23,269.0,PLN,price,B,False,2026-04-30T22:23:59Z
WAW-ALC,WAW,ALC,2026-05-24,219.0,PLN,price,O,False,2026-04-30T22:23:59Z
WAW-ALC,WAW,ALC,2026-05-25,209.0,PLN,price,OP,False,2026-04-30T22:23:59Z
WAW-ALC,WAW,ALC,2026-05-26,219.0,PLN,price,O,False,2026-04-30T22:23:59Z
WAW-ALC,WAW,ALC,2026-05-27,249.0,PLN,price,BO,False,2026-04-30T22:23:59Z
WAW-ALC,WAW,ALC,2026-05-28,219.0,PLN,price,O,False,2026-04-30T22:23:59Z
WAW-ALC,WAW,ALC,2026-05-29,249.0,PLN,price,BO,False,2026-04-30T22:23:59Z
WAW-ALC,WAW,ALC,2026-05-30,359.0,PLN,price,KL,False,2026-04-30T22:23:59Z
WAW-ALC,WAW,ALC,2026-05-31,249.0,PLN,price,BO,False,2026-04-30T22:23:59Z
WAW-ALC,WAW,ALC,2026-06-01,599.0,PLN,price,I,False,2026-04-30T22:23:59Z
WAW-ALC,WAW,ALC,2026-06-02,359.0,PLN,price,KL,False,2026-04-30T22:23:59Z
WAW-ALC,WAW,ALC,2026-06-03,359.0,PLN,price,KL,False,2026-04-30T22:23:59Z
WAW-ALC,WAW,ALC,2026-06-04,249.0,PLN,price,BO,False,2026-04-30T22:23:59Z
WAW-ALC,WAW,ALC,2026-06-05,359.0,PLN,price,KL,False,2026-04-30T22:23:59Z
WAW-ALC,WAW,ALC,2026-06-06,209.0,PLN,price,OP,False,2026-04-30T22:23:59Z
WAW-ALC,WAW,ALC,2026-06-07,219.0,PLN,price,O,False,2026-04-30T22:23:59Z
WAW-ALC,WAW,ALC,2026-06-08,249.0,PLN,price,BO,False,2026-04-30T22:23:59Z
WAW-ALC,WAW,ALC,2026-06-09,219.0,PLN,price,O,False,2026-04-30T22:23:59Z
WAW-ALC,WAW,ALC,2026-06-10,179.0,PLN,price,P,False,2026-04-30T22:23:59Z
WAW-ALC,WAW,ALC,2026-06-11,249.0,PLN,price,BO,False,2026-04-30T22:23:59Z
WAW-ALC,WAW,ALC,2026-06-12,669.0,PLN,price,HI,False,2026-04-30T22:23:59Z
WAW-ALC,WAW,ALC,2026-06-13,209.0,PLN,price,OP,False,2026-04-30T22:23:59Z
WAW-ALC,WAW,ALC,2026-06-14,269.0,PLN,price,B,False,2026-04-30T22:23:59Z
WAW-ALC,WAW,ALC,2026-06-15,309.0,PLN,price,L,False,2026-04-30T22:23:59Z
WAW-ALC,WAW,ALC,2026-06-16,209.0,PLN,price,OP,False,2026-04-30T22:23:59Z
WAW-ALC,WAW,ALC,2026-06-17,219.0,PLN,price,O,False,2026-04-30T22:23:59Z
WAW-ALC,WAW,ALC,2026-06-18,249.0,PLN,price,BO,False,2026-04-30T22:23:59Z
WAW-ALC,WAW,ALC,2026-06-19,209.0,PLN,price,OP,False,2026-04-30T22:23:59Z
WAW-ALC,WAW,ALC,2026-06-20,209.0,PLN,price,OP,False,2026-04-30T22:23:59Z
WAW-ALC,WAW,ALC,2026-06-21,269.0,PLN,price,B,False,2026-04-30T22:23:59Z
WAW-ALC,WAW,ALC,2026-06-22,209.0,PLN,price,OP,False,2026-04-30T22:23:59Z
WAW-ALC,WAW,ALC,2026-06-23,179.0,PLN,price,P,False,2026-04-30T22:23:59Z
WAW-ALC,WAW,ALC,2026-06-24,249.0,PLN,price,BO,False,2026-04-30T22:23:59Z
WAW-ALC,WAW,ALC,2026-06-25,249.0,PLN,price,BO,False,2026-04-30T22:23:59Z
WAW-ALC,WAW,ALC,2026-06-26,309.0,PLN,price,L,False,2026-04-30T22:23:59Z
WAW-ALC,WAW,ALC,2026-06-27,399.0,PLN,price,K,False,2026-04-30T22:23:59Z
WAW-ALC,WAW,ALC,2026-06-28,399.0,PLN,price,K,False,2026-04-30T22:23:59Z
WAW-ALC,WAW,ALC,2026-06-29,249.0,PLN,price,BO,False,2026-04-30T22:23:59Z
WAW-ALC,WAW,ALC,2026-06-30,249.0,PLN,price,BO,False,2026-04-30T22:23:59Z
WAW-ALC,WAW,ALC,2026-07-01,249.0,PLN,price,BO,False,2026-04-30T22:23:59Z
WAW-ALC,WAW,ALC,2026-07-02,249.0,PLN,price,BO,False,2026-04-30T22:23:59Z
WAW-ALC,WAW,ALC,2026-07-03,209.0,PLN,price,OP,False,2026-04-30T22:23:59Z
WAW-ALC,WAW,ALC,2026-07-04,249.0,PLN,price,BO,False,2026-04-30T22:23:59Z
WAW-ALC,WAW,ALC,2026-07-05,359.0,PLN,price,KL,False,2026-04-30T22:23:59Z
WAW-ALC,WAW,ALC,2026-07-06,309.0,PLN,price,L,False,2026-04-30T22:23:59Z
WAW-ALC,WAW,ALC,2026-07-07,179.0,PLN,price,P,False,2026-04-30T22:23:59Z
WAW-ALC,WAW,ALC,2026-07-08,209.0,PLN,price,OP,False,2026-04-30T22:23:59Z
WAW-ALC,WAW,ALC,2026-07-09,219.0,PLN,price,O,False,2026-04-30T22:23:59Z
WAW-ALC,WAW,ALC,2026-07-10,159.0,PLN,price,PR,False,2026-04-30T22:23:59Z
WAW-ALC,WAW,ALC,2026-07-11,209.0,PLN,price,OP,False,2026-04-30T22:23:59Z
WAW-ALC,WAW,ALC,2026-07-12,359.0,PLN,price,KL,False,2026-04-30T22:23:59Z
WAW-ALC,WAW,ALC,2026-07-13,179.0,PLN,price,P,False,2026-04-30T22:23:59Z
WAW-ALC,WAW,ALC,2026-07-14,179.0,PLN,price,P,False,2026-04-30T22:23:59Z
WAW-ALC,WAW,ALC,2026-07-15,509.0,PLN,price,J,False,2026-04-30T22:23:59Z
WAW-ALC,WAW,ALC,2026-07-16,209.0,PLN,price,OP,False,2026-04-30T22:23:59Z
WAW-ALC,WAW,ALC,2026-07-17,269.0,PLN,price,B,False,2026-04-30T22:23:59Z
WAW-ALC,WAW,ALC,2026-07-18,249.0,PLN,price,BO,False,2026-04-30T22:23:59Z
WAW-ALC,WAW,ALC,2026-07-19,219.0,PLN,price,O,False,2026-04-30T22:23:59Z
WAW-ALC,WAW,ALC,2026-07-20,249.0,PLN,price,BO,False,2026-04-30T22:23:59Z
WAW-ALC,WAW,ALC,2026-07-21,249.0,PLN,price,BO,False,2026-04-30T22:23:59Z
WAW-ALC,WAW,ALC,2026-07-22,179.0,PLN,price,P,False,2026-04-30T22:23:59Z
WAW-ALC,WAW,ALC,2026-07-23,139.0,PLN,price,R,False,2026-04-30T22:23:59Z
WAW-ALC,WAW,ALC,2026-07-24,249.0,PLN,price,BO,False,2026-04-30T22:23:59Z
WAW-ALC,WAW,ALC,2026-07-25,159.0,PLN,price,PR,False,2026-04-30T22:23:59Z
WAW-ALC,WAW,ALC,2026-07-26,129.0,PLN,price,RS,False,2026-04-30T22:23:59Z
WAW-ALC,WAW,ALC,2026-07-27,449.0,PLN,price,JK,False,2026-04-30T22:23:59Z
WAW-ALC,WAW,ALC,2026-07-28,139.0,PLN,price,R,False,2026-04-30T22:23:59Z
WAW-ALC,WAW,ALC,2026-07-29,179.0,PLN,price,P,False,2026-04-30T22:23:59Z
WAW-ALC,WAW,ALC,2026-07-30,219.0,PLN,price,O,False,2026-04-30T22:23:59Z
WAW-ALC,WAW,ALC,2026-07-31,449.0,PLN,price,JK,False,2026-04-30T22:23:59Z
WAW-ALC,WAW,ALC,2026-08-01,399.0,PLN,price,K,False,2026-04-30T22:23:59Z
WAW-ALC,WAW,ALC,2026-08-02,449.0,PLN,price,JK,False,2026-04-30T22:23:59Z
WAW-ALC,WAW,ALC,2026-08-03,399.0,PLN,price,K,False,2026-04-30T22:23:59Z
WAW-ALC,WAW,ALC,2026-08-04,559.0,PLN,price,IJ,False,2026-04-30T22:23:59Z
WAW-ALC,WAW,ALC,2026-08-05,399.0,PLN,price,K,False,2026-04-30T22:23:59Z
WAW-ALC,WAW,ALC,2026-08-06,449.0,PLN,price,JK,False,2026-04-30T22:23:59Z
WAW-ALC,WAW,ALC,2026-08-07,559.0,PLN,price,IJ,False,2026-04-30T22:23:59Z
WAW-ALC,WAW,ALC,2026-08-08,399.0,PLN,price,K,False,2026-04-30T22:23:59Z
WAW-ALC,WAW,ALC,2026-08-09,399.0,PLN,price,K,False,2026-04-30T22:23:59Z
WAW-ALC,WAW,ALC,2026-08-10,399.0,PLN,price,K,False,2026-04-30T22:23:59Z
WAW-ALC,WAW,ALC,2026-08-11,359.0,PLN,price,KL,False,2026-04-30T22:23:59Z
WAW-ALC,WAW,ALC,2026-08-12,449.0,PLN,price,JK,False,2026-04-30T22:23:59Z
WAW-ALC,WAW,ALC,2026-08-13,359.0,PLN,price,KL,False,2026-04-30T22:23:59Z
WAW-ALC,WAW,ALC,2026-08-14,509.0,PLN,price,J,False,2026-04-30T22:23:59Z
WAW-ALC,WAW,ALC,2026-08-15,449.0,PLN,price,JK,False,2026-04-30T22:23:59Z
WAW-ALC,WAW,ALC,2026-08-16,359.0,PLN,price,KL,False,2026-04-30T22:23:59Z
WAW-ALC,WAW,ALC,2026-08-17,669.0,PLN,price,HI,False,2026-04-30T22:23:59Z
WAW-ALC,WAW,ALC,2026-08-18,449.0,PLN,price,JK,False,2026-04-30T22:23:59Z
WAW-ALC,WAW,ALC,2026-08-19,359.0,PLN,price,KL,False,2026-04-30T22:23:59Z
WAW-ALC,WAW,ALC,2026-08-20,399.0,PLN,price,K,False,2026-04-30T22:23:59Z
WAW-ALC,WAW,ALC,2026-08-21,599.0,PLN,price,I,False,2026-04-30T22:23:59Z
WAW-ALC,WAW,ALC,2026-08-22,509.0,PLN,price,J,False,2026-04-30T22:23:59Z
WAW-ALC,WAW,ALC,2026-08-23,559.0,PLN,price,IJ,False,2026-04-30T22:23:59Z
WAW-ALC,WAW,ALC,2026-08-24,559.0,PLN,price,IJ,False,2026-04-30T22:23:59Z
WAW-ALC,WAW,ALC,2026-08-25,359.0,PLN,price,KL,False,2026-04-30T22:23:59Z
WAW-ALC,WAW,ALC,2026-08-26,809.0,PLN,price,GH,False,2026-04-30T22:23:59Z
WAW-ALC,WAW,ALC,2026-08-27,359.0,PLN,price,KL,False,2026-04-30T22:23:59Z
WAW-ALC,WAW,ALC,2026-08-28,449.0,PLN,price,JK,False,2026-04-30T22:23:59Z
WAW-ALC,WAW,ALC,2026-08-29,359.0,PLN,price,KL,False,2026-04-30T22:23:59Z
WAW-ALC,WAW,ALC,2026-08-30,399.0,PLN,price,K,False,2026-04-30T22:23:59Z
WAW-ALC,WAW,ALC,2026-08-31,449.0,PLN,price,JK,False,2026-04-30T22:23:59Z
ALC-WAW,ALC,WAW,2026-05-01,124.99,EUR,price,IJ,False,2026-04-30T22:23:59Z
ALC-WAW,ALC,WAW,2026-05-02,99.99,EUR,price,JK,False,2026-04-30T22:23:59Z
ALC-WAW,ALC,WAW,2026-05-03,89.99,EUR,price,K,False,2026-04-30T22:23:59Z
ALC-WAW,ALC,WAW,2026-05-04,89.99,EUR,price,K,False,2026-04-30T22:23:59Z
ALC-WAW,ALC,WAW,2026-05-05,79.99,EUR,price,KL,False,2026-04-30T22:23:59Z
ALC-WAW,ALC,WAW,2026-05-06,79.99,EUR,price,KL,False,2026-04-30T22:23:59Z
ALC-WAW,ALC,WAW,2026-05-07,79.99,EUR,price,KL,False,2026-04-30T22:23:59Z
ALC-WAW,ALC,WAW,2026-05-08,69.99,EUR,price,L,False,2026-04-30T22:23:59Z
ALC-WAW,ALC,WAW,2026-05-09,124.99,EUR,price,IJ,False,2026-04-30T22:23:59Z
ALC-WAW,ALC,WAW,2026-05-10,159.99,EUR,price,H,False,2026-04-30T22:23:59Z
ALC-WAW,ALC,WAW,2026-05-11,99.99,EUR,price,JK,False,2026-04-30T22:23:59Z
ALC-WAW,ALC,WAW,2026-05-12,99.99,EUR,price,JK,False,2026-04-30T22:23:59Z
ALC-WAW,ALC,WAW,2026-05-13,89.99,EUR,price,K,False,2026-04-30T22:23:59Z
ALC-WAW,ALC,WAW,2026-05-14,114.99,EUR,price,J,False,2026-04-30T22:23:59Z
ALC-WAW,ALC,WAW,2026-05-15,65.99,EUR,price,LB,False,2026-04-30T22:23:59Z
ALC-WAW,ALC,WAW,2026-05-16,89.99,EUR,price,K,False,2026-04-30T22:23:59Z
ALC-WAW,ALC,WAW,2026-05-17,99.99,EUR,price,JK,False,2026-04-30T22:23:59Z
ALC-WAW,ALC,WAW,2026-05-18,69.99,EUR,price,L,False,2026-04-30T22:23:59Z
ALC-WAW,ALC,WAW,2026-05-19,65.99,EUR,price,LB,False,2026-04-30T22:23:59Z
ALC-WAW,ALC,WAW,2026-05-20,55.99,EUR,price,BO,False,2026-04-30T22:23:59Z
ALC-WAW,ALC,WAW,2026-05-21,49.99,EUR,price,O,False,2026-04-30T22:23:59Z
ALC-WAW,ALC,WAW,2026-05-22,55.99,EUR,price,BO,False,2026-04-30T22:23:59Z
ALC-WAW,ALC,WAW,2026-05-23,59.99,EUR,price,B,False,2026-04-30T22:23:59Z
ALC-WAW,ALC,WAW,2026-05-24,124.99,EUR,price,IJ,False,2026-04-30T22:23:59Z
ALC-WAW,ALC,WAW,2026-05-25,65.99,EUR,price,LB,False,2026-04-30T22:23:59Z
ALC-WAW,ALC,WAW,2026-05-26,49.99,EUR,price,O,False,2026-04-30T22:23:59Z
ALC-WAW,ALC,WAW,2026-05-27,55.99,EUR,price,BO,False,2026-04-30T22:23:59Z
ALC-WAW,ALC,WAW,2026-05-28,49.99,EUR,price,O,False,2026-04-30T22:23:59Z
ALC-WAW,ALC,WAW,2026-05-29,55.99,EUR,price,BO,False,2026-04-30T22:23:59Z
ALC-WAW,ALC,WAW,2026-05-30,59.99,EUR,price,B,False,2026-04-30T22:23:59Z
ALC-WAW,ALC,WAW,2026-05-31,99.99,EUR,price,JK,False,2026-04-30T22:23:59Z
ALC-WAW,ALC,WAW,2026-06-01,55.99,EUR,price,BO,False,2026-04-30T22:23:59Z
ALC-WAW,ALC,WAW,2026-06-02,49.99,EUR,price,O,False,2026-04-30T22:23:59Z
ALC-WAW,ALC,WAW,2026-06-03,49.99,EUR,price,O,False,2026-04-30T22:23:59Z
ALC-WAW,ALC,WAW,2026-06-04,55.99,EUR,price,BO,False,2026-04-30T22:23:59Z
ALC-WAW,ALC,WAW,2026-06-05,55.99,EUR,price,BO,False,2026-04-30T22:23:59Z
ALC-WAW,ALC,WAW,2026-06-06,99.99,EUR,price,JK,False,2026-04-30T22:23:59Z
ALC-WAW,ALC,WAW,2026-06-07,214.99,EUR,price,GF,False,2026-04-30T22:23:59Z
ALC-WAW,ALC,WAW,2026-06-08,159.99,EUR,price,H,False,2026-04-30T22:23:59Z
ALC-WAW,ALC,WAW,2026-06-09,89.99,EUR,price,K,False,2026-04-30T22:23:59Z
ALC-WAW,ALC,WAW,2026-06-10,99.99,EUR,price,JK,False,2026-04-30T22:23:59Z
ALC-WAW,ALC,WAW,2026-06-11,49.99,EUR,price,O,False,2026-04-30T22:23:59Z
ALC-WAW,ALC,WAW,2026-06-12,55.99,EUR,price,BO,False,2026-04-30T22:23:59Z
ALC-WAW,ALC,WAW,2026-06-13,65.99,EUR,price,LB,False,2026-04-30T22:23:59Z
ALC-WAW,ALC,WAW,2026-06-14,59.99,EUR,price,B,False,2026-04-30T22:23:59Z
ALC-WAW,ALC,WAW,2026-06-15,159.99,EUR,price,H,False,2026-04-30T22:23:59Z
ALC-WAW,ALC,WAW,2026-06-16,69.99,EUR,price,L,False,2026-04-30T22:23:59Z
ALC-WAW,ALC,WAW,2026-06-17,55.99,EUR,price,BO,False,2026-04-30T22:23:59Z
ALC-WAW,ALC,WAW,2026-06-18,49.99,EUR,price,O,False,2026-04-30T22:23:59Z
ALC-WAW,ALC,WAW,2026-06-19,89.99,EUR,price,K,False,2026-04-30T22:23:59Z
ALC-WAW,ALC,WAW,2026-06-20,59.99,EUR,price,B,False,2026-04-30T22:23:59Z
ALC-WAW,ALC,WAW,2026-06-21,69.99,EUR,price,L,False,2026-04-30T22:23:59Z
ALC-WAW,ALC,WAW,2026-06-22,114.99,EUR,price,J,False,2026-04-30T22:23:59Z
ALC-WAW,ALC,WAW,2026-06-23,69.99,EUR,price,L,False,2026-04-30T22:23:59Z
ALC-WAW,ALC,WAW,2026-06-24,55.99,EUR,price,BO,False,2026-04-30T22:23:59Z
ALC-WAW,ALC,WAW,2026-06-25,65.99,EUR,price,LB,False,2026-04-30T22:23:59Z
ALC-WAW,ALC,WAW,2026-06-26,55.99,EUR,price,BO,False,2026-04-30T22:23:59Z
ALC-WAW,ALC,WAW,2026-06-27,65.99,EUR,price,LB,False,2026-04-30T22:23:59Z
ALC-WAW,ALC,WAW,2026-06-28,99.99,EUR,price,JK,False,2026-04-30T22:23:59Z
ALC-WAW,ALC,WAW,2026-06-29,114.99,EUR,price,J,False,2026-04-30T22:23:59Z
ALC-WAW,ALC,WAW,2026-06-30,69.99,EUR,price,L,False,2026-04-30T22:23:59Z
ALC-WAW,ALC,WAW,2026-07-01,65.99,EUR,price,LB,False,2026-04-30T22:23:59Z
ALC-WAW,ALC,WAW,2026-07-02,59.99,EUR,price,B,False,2026-04-30T22:23:59Z
ALC-WAW,ALC,WAW,2026-07-03,65.99,EUR,price,LB,False,2026-04-30T22:23:59Z
ALC-WAW,ALC,WAW,2026-07-04,79.99,EUR,price,KL,False,2026-04-30T22:23:59Z
ALC-WAW,ALC,WAW,2026-07-05,65.99,EUR,price,LB,False,2026-04-30T22:23:59Z
ALC-WAW,ALC,WAW,2026-07-06,69.99,EUR,price,L,False,2026-04-30T22:23:59Z
ALC-WAW,ALC,WAW,2026-07-07,79.99,EUR,price,KL,False,2026-04-30T22:23:59Z
ALC-WAW,ALC,WAW,2026-07-08,79.99,EUR,price,KL,False,2026-04-30T22:23:59Z
ALC-WAW,ALC,WAW,2026-07-09,59.99,EUR,price,B,False,2026-04-30T22:23:59Z
ALC-WAW,ALC,WAW,2026-07-10,79.99,EUR,price,KL,False,2026-04-30T22:23:59Z
ALC-WAW,ALC,WAW,2026-07-11,69.99,EUR,price,L,False,2026-04-30T22:23:59Z
ALC-WAW,ALC,WAW,2026-07-12,59.99,EUR,price,B,False,2026-04-30T22:23:59Z
ALC-WAW,ALC,WAW,2026-07-13,69.99,EUR,price,L,False,2026-04-30T22:23:59Z
ALC-WAW,ALC,WAW,2026-07-14,79.99,EUR,price,KL,False,2026-04-30T22:23:59Z
ALC-WAW,ALC,WAW,2026-07-15,79.99,EUR,price,KL,False,2026-04-30T22:23:59Z
ALC-WAW,ALC,WAW,2026-07-16,79.99,EUR,price,KL,False,2026-04-30T22:23:59Z
ALC-WAW,ALC,WAW,2026-07-17,124.99,EUR,price,IJ,False,2026-04-30T22:23:59Z
ALC-WAW,ALC,WAW,2026-07-18,124.99,EUR,price,IJ,False,2026-04-30T22:23:59Z
ALC-WAW,ALC,WAW,2026-07-19,124.99,EUR,price,IJ,False,2026-04-30T22:23:59Z
ALC-WAW,ALC,WAW,2026-07-20,79.99,EUR,price,KL,False,2026-04-30T22:23:59Z
ALC-WAW,ALC,WAW,2026-07-21,69.99,EUR,price,L,False,2026-04-30T22:23:59Z
ALC-WAW,ALC,WAW,2026-07-22,89.99,EUR,price,K,False,2026-04-30T22:23:59Z
ALC-WAW,ALC,WAW,2026-07-23,79.99,EUR,price,KL,False,2026-04-30T22:23:59Z
ALC-WAW,ALC,WAW,2026-07-24,179.99,EUR,price,GH,False,2026-04-30T22:23:59Z
ALC-WAW,ALC,WAW,2026-07-25,89.99,EUR,price,K,False,2026-04-30T22:23:59Z
ALC-WAW,ALC,WAW,2026-07-26,124.99,EUR,price,IJ,False,2026-04-30T22:23:59Z
ALC-WAW,ALC,WAW,2026-07-27,114.99,EUR,price,J,False,2026-04-30T22:23:59Z
ALC-WAW,ALC,WAW,2026-07-28,79.99,EUR,price,KL,False,2026-04-30T22:23:59Z
ALC-WAW,ALC,WAW,2026-07-29,89.99,EUR,price,K,False,2026-04-30T22:23:59Z
ALC-WAW,ALC,WAW,2026-07-30,79.99,EUR,price,KL,False,2026-04-30T22:23:59Z
ALC-WAW,ALC,WAW,2026-07-31,114.99,EUR,price,J,False,2026-04-30T22:23:59Z
ALC-WAW,ALC,WAW,2026-08-01,99.99,EUR,price,JK,False,2026-04-30T22:23:59Z
ALC-WAW,ALC,WAW,2026-08-02,234.99,EUR,price,F,False,2026-04-30T22:23:59Z
ALC-WAW,ALC,WAW,2026-08-03,134.99,EUR,price,I,False,2026-04-30T22:23:59Z
ALC-WAW,ALC,WAW,2026-08-04,179.99,EUR,price,GH,False,2026-04-30T22:23:59Z
ALC-WAW,ALC,WAW,2026-08-05,114.99,EUR,price,J,False,2026-04-30T22:23:59Z
ALC-WAW,ALC,WAW,2026-08-06,114.99,EUR,price,J,False,2026-04-30T22:23:59Z
ALC-WAW,ALC,WAW,2026-08-07,114.99,EUR,price,J,False,2026-04-30T22:23:59Z
ALC-WAW,ALC,WAW,2026-08-08,134.99,EUR,price,I,False,2026-04-30T22:23:59Z
ALC-WAW,ALC,WAW,2026-08-09,124.99,EUR,price,IJ,False,2026-04-30T22:23:59Z
ALC-WAW,ALC,WAW,2026-08-10,134.99,EUR,price,I,False,2026-04-30T22:23:59Z
ALC-WAW,ALC,WAW,2026-08-11,89.99,EUR,price,K,False,2026-04-30T22:23:59Z
ALC-WAW,ALC,WAW,2026-08-12,99.99,EUR,price,JK,False,2026-04-30T22:23:59Z
ALC-WAW,ALC,WAW,2026-08-13,114.99,EUR,price,J,False,2026-04-30T22:23:59Z
ALC-WAW,ALC,WAW,2026-08-14,189.99,EUR,price,G,False,2026-04-30T22:23:59Z
ALC-WAW,ALC,WAW,2026-08-15,159.99,EUR,price,H,False,2026-04-30T22:23:59Z
ALC-WAW,ALC,WAW,2026-08-16,234.99,EUR,price,F,False,2026-04-30T22:23:59Z
ALC-WAW,ALC,WAW,2026-08-17,179.99,EUR,price,GH,False,2026-04-30T22:23:59Z
ALC-WAW,ALC,WAW,2026-08-18,114.99,EUR,price,J,False,2026-04-30T22:23:59Z
ALC-WAW,ALC,WAW,2026-08-19,114.99,EUR,price,J,False,2026-04-30T22:23:59Z
ALC-WAW,ALC,WAW,2026-08-20,114.99,EUR,price,J,False,2026-04-30T22:23:59Z
ALC-WAW,ALC,WAW,2026-08-21,134.99,EUR,price,I,False,2026-04-30T22:23:59Z
ALC-WAW,ALC,WAW,2026-08-22,124.99,EUR,price,IJ,False,2026-04-30T22:23:59Z
ALC-WAW,ALC,WAW,2026-08-23,179.99,EUR,price,GH,False,2026-04-30T22:23:59Z
ALC-WAW,ALC,WAW,2026-08-24,114.99,EUR,price,J,False,2026-04-30T22:23:59Z
ALC-WAW,ALC,WAW,2026-08-25,99.99,EUR,price,JK,False,2026-04-30T22:23:59Z
ALC-WAW,ALC,WAW,2026-08-26,114.99,EUR,price,J,False,2026-04-30T22:23:59Z
ALC-WAW,ALC,WAW,2026-08-27,114.99,EUR,price,J,False,2026-04-30T22:23:59Z
ALC-WAW,ALC,WAW,2026-08-28,179.99,EUR,price,GH,False,2026-04-30T22:23:59Z
ALC-WAW,ALC,WAW,2026-08-29,149.99,EUR,price,HI,False,2026-04-30T22:23:59Z
ALC-WAW,ALC,WAW,2026-08-30,149.99,EUR,price,HI,False,2026-04-30T22:23:59Z
ALC-WAW,ALC,WAW,2026-08-31,189.99,EUR,price,G,False,2026-04-30T22:23:59Z
WAW-BBU,WAW,BBU,2026-05-01,559.0,PLN,price,HI,False,2026-04-30T22:23:59Z
WAW-BBU,WAW,BBU,2026-05-02,289.0,PLN,price,KL,False,2026-04-30T22:23:59Z
WAW-BBU,WAW,BBU,2026-05-03,0.0,PLN,checkPrice,GF,False,2026-04-30T22:23:59Z
WAW-BBU,WAW,BBU,2026-05-04,509.0,PLN,price,I,False,2026-04-30T22:23:59Z
WAW-BBU,WAW,BBU,2026-05-05,179.0,PLN,price,O,False,2026-04-30T22:23:59Z
WAW-BBU,WAW,BBU,2026-05-06,129.0,PLN,price,PR,False,2026-04-30T22:23:59Z
WAW-BBU,WAW,BBU,2026-05-07,209.0,PLN,price,BO,False,2026-04-30T22:23:59Z
WAW-BBU,WAW,BBU,2026-05-08,0.0,PLN,checkPrice,G,False,2026-04-30T22:23:59Z
WAW-BBU,WAW,BBU,2026-05-09,0.0,PLN,noData,,False,2026-04-30T22:23:59Z
WAW-BBU,WAW,BBU,2026-05-10,219.0,PLN,price,B,False,2026-04-30T22:23:59Z
WAW-BBU,WAW,BBU,2026-05-11,139.0,PLN,price,P,False,2026-04-30T22:23:59Z
WAW-BBU,WAW,BBU,2026-05-12,129.0,PLN,price,PR,False,2026-04-30T22:23:59Z
WAW-BBU,WAW,BBU,2026-05-13,129.0,PLN,price,PR,False,2026-04-30T22:23:59Z
WAW-BBU,WAW,BBU,2026-05-14,129.0,PLN,price,PR,False,2026-04-30T22:23:59Z
WAW-BBU,WAW,BBU,2026-05-15,219.0,PLN,price,B,False,2026-04-30T22:23:59Z
WAW-BBU,WAW,BBU,2026-05-16,99.0,PLN,price,RS,False,2026-04-30T22:23:59Z
WAW-BBU,WAW,BBU,2026-05-17,139.0,PLN,price,P,False,2026-04-30T22:23:59Z
WAW-BBU,WAW,BBU,2026-05-18,99.0,PLN,price,RS,False,2026-04-30T22:23:59Z
WAW-BBU,WAW,BBU,2026-05-19,139.0,PLN,price,P,False,2026-04-30T22:23:59Z
WAW-BBU,WAW,BBU,2026-05-20,269.0,PLN,price,L,False,2026-04-30T22:23:59Z
WAW-BBU,WAW,BBU,2026-05-21,449.0,PLN,price,IJ,False,2026-04-30T22:23:59Z
WAW-BBU,WAW,BBU,2026-05-22,669.0,PLN,price,GH,False,2026-04-30T22:23:59Z
WAW-BBU,WAW,BBU,2026-05-23,99.0,PLN,price,RS,False,2026-04-30T22:23:59Z
WAW-BBU,WAW,BBU,2026-05-24,179.0,PLN,price,O,False,2026-04-30T22:23:59Z
WAW-BBU,WAW,BBU,2026-05-25,99.0,PLN,price,RS,False,2026-04-30T22:23:59Z
WAW-BBU,WAW,BBU,2026-05-26,89.0,PLN,price,S,False,2026-04-30T22:23:59Z
WAW-BBU,WAW,BBU,2026-05-27,89.0,PLN,price,S,False,2026-04-30T22:23:59Z
WAW-BBU,WAW,BBU,2026-05-28,89.0,PLN,price,S,False,2026-04-30T22:23:59Z
WAW-BBU,WAW,BBU,2026-05-29,209.0,PLN,price,BO,False,2026-04-30T22:23:59Z
WAW-BBU,WAW,BBU,2026-05-30,0.0,PLN,noData,,False,2026-04-30T22:23:59Z
WAW-BBU,WAW,BBU,2026-05-31,99.0,PLN,price,RS,False,2026-04-30T22:23:59Z
WAW-BBU,WAW,BBU,2026-06-01,249.0,PLN,price,LB,False,2026-04-30T22:23:59Z
WAW-BBU,WAW,BBU,2026-06-02,129.0,PLN,price,PR,False,2026-04-30T22:23:59Z
WAW-BBU,WAW,BBU,2026-06-03,159.0,PLN,price,OP,False,2026-04-30T22:23:59Z
WAW-BBU,WAW,BBU,2026-06-04,139.0,PLN,price,P,False,2026-04-30T22:23:59Z
WAW-BBU,WAW,BBU,2026-06-05,89.0,PLN,price,S,False,2026-04-30T22:23:59Z
WAW-BBU,WAW,BBU,2026-06-06,89.0,PLN,price,S,False,2026-04-30T22:23:59Z
WAW-BBU,WAW,BBU,2026-06-07,89.0,PLN,price,S,False,2026-04-30T22:23:59Z
WAW-BBU,WAW,BBU,2026-06-08,99.0,PLN,price,RS,False,2026-04-30T22:23:59Z
WAW-BBU,WAW,BBU,2026-06-09,0.0,PLN,noData,,False,2026-04-30T22:23:59Z
WAW-BBU,WAW,BBU,2026-06-10,89.0,PLN,price,S,False,2026-04-30T22:23:59Z
WAW-BBU,WAW,BBU,2026-06-11,99.0,PLN,price,RS,False,2026-04-30T22:23:59Z
WAW-BBU,WAW,BBU,2026-06-12,109.0,PLN,price,R,False,2026-04-30T22:23:59Z
WAW-BBU,WAW,BBU,2026-06-13,0.0,PLN,noData,,False,2026-04-30T22:23:59Z
WAW-BBU,WAW,BBU,2026-06-14,89.0,PLN,price,S,False,2026-04-30T22:23:59Z
WAW-BBU,WAW,BBU,2026-06-15,89.0,PLN,price,S,False,2026-04-30T22:23:59Z
WAW-BBU,WAW,BBU,2026-06-16,0.0,PLN,noData,,False,2026-04-30T22:23:59Z
WAW-BBU,WAW,BBU,2026-06-17,89.0,PLN,price,S,False,2026-04-30T22:23:59Z
WAW-BBU,WAW,BBU,2026-06-18,99.0,PLN,price,RS,False,2026-04-30T22:23:59Z
WAW-BBU,WAW,BBU,2026-06-19,109.0,PLN,price,R,False,2026-04-30T22:23:59Z
WAW-BBU,WAW,BBU,2026-06-20,0.0,PLN,noData,,False,2026-04-30T22:23:59Z
WAW-BBU,WAW,BBU,2026-06-21,89.0,PLN,price,S,False,2026-04-30T22:23:59Z
WAW-BBU,WAW,BBU,2026-06-22,89.0,PLN,price,S,False,2026-04-30T22:23:59Z
WAW-BBU,WAW,BBU,2026-06-23,0.0,PLN,noData,,False,2026-04-30T22:23:59Z
WAW-BBU,WAW,BBU,2026-06-24,89.0,PLN,price,S,False,2026-04-30T22:23:59Z
WAW-BBU,WAW,BBU,2026-06-25,129.0,PLN,price,PR,False,2026-04-30T22:23:59Z
WAW-BBU,WAW,BBU,2026-06-26,159.0,PLN,price,OP,False,2026-04-30T22:23:59Z
WAW-BBU,WAW,BBU,2026-06-27,0.0,PLN,noData,,False,2026-04-30T22:23:59Z
WAW-BBU,WAW,BBU,2026-06-28,139.0,PLN,price,P,False,2026-04-30T22:23:59Z
WAW-BBU,WAW,BBU,2026-06-29,89.0,PLN,price,S,False,2026-04-30T22:23:59Z
WAW-BBU,WAW,BBU,2026-06-30,0.0,PLN,noData,,False,2026-04-30T22:23:59Z
WAW-BBU,WAW,BBU,2026-07-01,89.0,PLN,price,S,False,2026-04-30T22:23:59Z
WAW-BBU,WAW,BBU,2026-07-02,89.0,PLN,price,S,False,2026-04-30T22:23:59Z
WAW-BBU,WAW,BBU,2026-07-03,129.0,PLN,price,PR,False,2026-04-30T22:23:59Z
WAW-BBU,WAW,BBU,2026-07-04,0.0,PLN,noData,,False,2026-04-30T22:23:59Z
WAW-BBU,WAW,BBU,2026-07-05,89.0,PLN,price,S,False,2026-04-30T22:23:59Z
WAW-BBU,WAW,BBU,2026-07-06,89.0,PLN,price,S,False,2026-04-30T22:23:59Z
WAW-BBU,WAW,BBU,2026-07-07,0.0,PLN,noData,,False,2026-04-30T22:23:59Z
WAW-BBU,WAW,BBU,2026-07-08,89.0,PLN,price,S,False,2026-04-30T22:23:59Z
WAW-BBU,WAW,BBU,2026-07-09,99.0,PLN,price,RS,False,2026-04-30T22:23:59Z
WAW-BBU,WAW,BBU,2026-07-10,89.0,PLN,price,S,False,2026-04-30T22:23:59Z
WAW-BBU,WAW,BBU,2026-07-11,0.0,PLN,noData,,False,2026-04-30T22:23:59Z
WAW-BBU,WAW,BBU,2026-07-12,89.0,PLN,price,S,False,2026-04-30T22:23:59Z
WAW-BBU,WAW,BBU,2026-07-13,89.0,PLN,price,S,False,2026-04-30T22:23:59Z
WAW-BBU,WAW,BBU,2026-07-14,0.0,PLN,noData,,False,2026-04-30T22:23:59Z
WAW-BBU,WAW,BBU,2026-07-15,89.0,PLN,price,S,False,2026-04-30T22:23:59Z
WAW-BBU,WAW,BBU,2026-07-16,249.0,PLN,price,LB,False,2026-04-30T22:23:59Z
WAW-BBU,WAW,BBU,2026-07-17,89.0,PLN,price,S,False,2026-04-30T22:23:59Z
WAW-BBU,WAW,BBU,2026-07-18,0.0,PLN,noData,,False,2026-04-30T22:23:59Z
WAW-BBU,WAW,BBU,2026-07-19,129.0,PLN,price,PR,False,2026-04-30T22:23:59Z
WAW-BBU,WAW,BBU,2026-07-20,289.0,PLN,price,KL,False,2026-04-30T22:23:59Z
WAW-BBU,WAW,BBU,2026-07-21,0.0,PLN,noData,,False,2026-04-30T22:23:59Z
WAW-BBU,WAW,BBU,2026-07-22,89.0,PLN,price,S,False,2026-04-30T22:23:59Z
WAW-BBU,WAW,BBU,2026-07-23,89.0,PLN,price,S,False,2026-04-30T22:23:59Z
WAW-BBU,WAW,BBU,2026-07-24,139.0,PLN,price,P,False,2026-04-30T22:23:59Z
WAW-BBU,WAW,BBU,2026-07-25,0.0,PLN,noData,,False,2026-04-30T22:23:59Z
WAW-BBU,WAW,BBU,2026-07-26,159.0,PLN,price,OP,False,2026-04-30T22:23:59Z
WAW-BBU,WAW,BBU,2026-07-27,89.0,PLN,price,S,False,2026-04-30T22:23:59Z
WAW-BBU,WAW,BBU,2026-07-28,0.0,PLN,noData,,False,2026-04-30T22:23:59Z
WAW-BBU,WAW,BBU,2026-07-29,159.0,PLN,price,OP,False,2026-04-30T22:23:59Z
WAW-BBU,WAW,BBU,2026-07-30,109.0,PLN,price,R,False,2026-04-30T22:23:59Z
WAW-BBU,WAW,BBU,2026-07-31,359.0,PLN,price,JK,False,2026-04-30T22:23:59Z
WAW-BBU,WAW,BBU,2026-08-01,0.0,PLN,noData,,False,2026-04-30T22:23:59Z
WAW-BBU,WAW,BBU,2026-08-02,159.0,PLN,price,OP,False,2026-04-30T22:23:59Z
WAW-BBU,WAW,BBU,2026-08-03,159.0,PLN,price,OP,False,2026-04-30T22:23:59Z
WAW-BBU,WAW,BBU,2026-08-04,0.0,PLN,noData,,False,2026-04-30T22:23:59Z
WAW-BBU,WAW,BBU,2026-08-05,599.0,PLN,price,H,False,2026-04-30T22:23:59Z
WAW-BBU,WAW,BBU,2026-08-06,1009.0,PLN,price,E,False,2026-04-30T22:23:59Z
WAW-BBU,WAW,BBU,2026-08-07,399.0,PLN,price,J,False,2026-04-30T22:23:59Z
WAW-BBU,WAW,BBU,2026-08-08,0.0,PLN,noData,,False,2026-04-30T22:23:59Z
WAW-BBU,WAW,BBU,2026-08-09,129.0,PLN,price,PR,False,2026-04-30T22:23:59Z
WAW-BBU,WAW,BBU,2026-08-10,289.0,PLN,price,KL,False,2026-04-30T22:23:59Z
WAW-BBU,WAW,BBU,2026-08-11,0.0,PLN,noData,,False,2026-04-30T22:23:59Z
WAW-BBU,WAW,BBU,2026-08-12,219.0,PLN,price,B,False,2026-04-30T22:23:59Z
WAW-BBU,WAW,BBU,2026-08-13,209.0,PLN,price,BO,False,2026-04-30T22:23:59Z
WAW-BBU,WAW,BBU,2026-08-14,159.0,PLN,price,OP,False,2026-04-30T22:23:59Z
WAW-BBU,WAW,BBU,2026-08-15,0.0,PLN,noData,,False,2026-04-30T22:23:59Z
WAW-BBU,WAW,BBU,2026-08-16,309.0,PLN,price,K,False,2026-04-30T22:23:59Z
WAW-BBU,WAW,BBU,2026-08-17,89.0,PLN,price,S,False,2026-04-30T22:23:59Z
WAW-BBU,WAW,BBU,2026-08-18,0.0,PLN,noData,,False,2026-04-30T22:23:59Z
WAW-BBU,WAW,BBU,2026-08-19,89.0,PLN,price,S,False,2026-04-30T22:23:59Z
WAW-BBU,WAW,BBU,2026-08-20,209.0,PLN,price,BO,False,2026-04-30T22:23:59Z
WAW-BBU,WAW,BBU,2026-08-21,359.0,PLN,price,JK,False,2026-04-30T22:23:59Z
WAW-BBU,WAW,BBU,2026-08-22,0.0,PLN,noData,,False,2026-04-30T22:23:59Z
WAW-BBU,WAW,BBU,2026-08-23,249.0,PLN,price,LB,False,2026-04-30T22:23:59Z
WAW-BBU,WAW,BBU,2026-08-24,219.0,PLN,price,B,False,2026-04-30T22:23:59Z
WAW-BBU,WAW,BBU,2026-08-25,0.0,PLN,noData,,False,2026-04-30T22:23:59Z
WAW-BBU,WAW,BBU,2026-08-26,179.0,PLN,price,O,False,2026-04-30T22:23:59Z
WAW-BBU,WAW,BBU,2026-08-27,159.0,PLN,price,OP,False,2026-04-30T22:23:59Z
WAW-BBU,WAW,BBU,2026-08-28,179.0,PLN,price,O,False,2026-04-30T22:23:59Z
WAW-BBU,WAW,BBU,2026-08-29,0.0,PLN,noData,,False,2026-04-30T22:23:59Z
WAW-BBU,WAW,BBU,2026-08-30,139.0,PLN,price,P,False,2026-04-30T22:23:59Z
WAW-BBU,WAW,BBU,2026-08-31,129.0,PLN,price,PR,False,2026-04-30T22:23:59Z
BBU-WAW,BBU,WAW,2026-05-01,349.0,RON,price,KL,False,2026-04-30T22:23:59Z
BBU-WAW,BBU,WAW,2026-05-02,299.0,RON,price,LB,False,2026-04-30T22:23:59Z
BBU-WAW,BBU,WAW,2026-05-03,529.0,RON,price,IJ,False,2026-04-30T22:23:59Z
BBU-WAW,BBU,WAW,2026-05-04,369.0,RON,price,K,False,2026-04-30T22:23:59Z
BBU-WAW,BBU,WAW,2026-05-05,299.0,RON,price,LB,False,2026-04-30T22:23:59Z
BBU-WAW,BBU,WAW,2026-05-06,169.0,RON,price,P,False,2026-04-30T22:23:59Z
BBU-WAW,BBU,WAW,2026-05-07,299.0,RON,price,LB,False,2026-04-30T22:23:59Z
BBU-WAW,BBU,WAW,2026-05-08,299.0,RON,price,LB,False,2026-04-30T22:23:59Z
BBU-WAW,BBU,WAW,2026-05-09,0.0,RON,noData,,False,2026-04-30T22:23:59Z
BBU-WAW,BBU,WAW,2026-05-10,209.0,RON,price,O,False,2026-04-30T22:23:59Z
BBU-WAW,BBU,WAW,2026-05-11,159.0,RON,price,PR,False,2026-04-30T22:23:59Z
BBU-WAW,BBU,WAW,2026-05-12,99.0,RON,price,S,False,2026-04-30T22:23:59Z
BBU-WAW,BBU,WAW,2026-05-13,129.0,RON,price,R,False,2026-04-30T22:23:59Z
BBU-WAW,BBU,WAW,2026-05-14,159.0,RON,price,PR,False,2026-04-30T22:23:59Z
BBU-WAW,BBU,WAW,2026-05-15,239.0,RON,price,BO,False,2026-04-30T22:23:59Z
BBU-WAW,BBU,WAW,2026-05-16,99.0,RON,price,S,False,2026-04-30T22:23:59Z
BBU-WAW,BBU,WAW,2026-05-17,349.0,RON,price,KL,False,2026-04-30T22:23:59Z
BBU-WAW,BBU,WAW,2026-05-18,129.0,RON,price,R,False,2026-04-30T22:23:59Z
BBU-WAW,BBU,WAW,2026-05-19,119.0,RON,price,RS,False,2026-04-30T22:23:59Z
BBU-WAW,BBU,WAW,2026-05-20,99.0,RON,price,S,False,2026-04-30T22:23:59Z
BBU-WAW,BBU,WAW,2026-05-21,129.0,RON,price,R,False,2026-04-30T22:23:59Z
BBU-WAW,BBU,WAW,2026-05-22,129.0,RON,price,R,False,2026-04-30T22:23:59Z
BBU-WAW,BBU,WAW,2026-05-23,99.0,RON,price,S,False,2026-04-30T22:23:59Z
BBU-WAW,BBU,WAW,2026-05-24,659.0,RON,price,HI,False,2026-04-30T22:23:59Z
BBU-WAW,BBU,WAW,2026-05-25,529.0,RON,price,IJ,False,2026-04-30T22:23:59Z
BBU-WAW,BBU,WAW,2026-05-26,169.0,RON,price,P,False,2026-04-30T22:23:59Z
BBU-WAW,BBU,WAW,2026-05-27,119.0,RON,price,RS,False,2026-04-30T22:23:59Z
BBU-WAW,BBU,WAW,2026-05-28,99.0,RON,price,S,False,2026-04-30T22:23:59Z
BBU-WAW,BBU,WAW,2026-05-29,349.0,RON,price,KL,False,2026-04-30T22:23:59Z
BBU-WAW,BBU,WAW,2026-05-30,0.0,RON,noData,,False,2026-04-30T22:23:59Z
BBU-WAW,BBU,WAW,2026-05-31,239.0,RON,price,BO,False,2026-04-30T22:23:59Z
BBU-WAW,BBU,WAW,2026-06-01,169.0,RON,price,P,False,2026-04-30T22:23:59Z
BBU-WAW,BBU,WAW,2026-06-02,119.0,RON,price,RS,False,2026-04-30T22:23:59Z
BBU-WAW,BBU,WAW,2026-06-03,99.0,RON,price,S,False,2026-04-30T22:23:59Z
BBU-WAW,BBU,WAW,2026-06-04,99.0,RON,price,S,False,2026-04-30T22:23:59Z
BBU-WAW,BBU,WAW,2026-06-05,129.0,RON,price,R,False,2026-04-30T22:23:59Z
BBU-WAW,BBU,WAW,2026-06-06,319.0,RON,price,L,False,2026-04-30T22:23:59Z
BBU-WAW,BBU,WAW,2026-06-07,419.0,RON,price,JK,False,2026-04-30T22:23:59Z
BBU-WAW,BBU,WAW,2026-06-08,319.0,RON,price,L,False,2026-04-30T22:23:59Z
BBU-WAW,BBU,WAW,2026-06-09,0.0,RON,noData,,False,2026-04-30T22:23:59Z
BBU-WAW,BBU,WAW,2026-06-10,169.0,RON,price,P,False,2026-04-30T22:23:59Z
BBU-WAW,BBU,WAW,2026-06-11,99.0,RON,price,S,False,2026-04-30T22:23:59Z
BBU-WAW,BBU,WAW,2026-06-12,99.0,RON,price,S,False,2026-04-30T22:23:59Z
BBU-WAW,BBU,WAW,2026-06-13,0.0,RON,noData,,False,2026-04-30T22:23:59Z
BBU-WAW,BBU,WAW,2026-06-14,189.0,RON,price,OP,False,2026-04-30T22:23:59Z
BBU-WAW,BBU,WAW,2026-06-15,119.0,RON,price,RS,False,2026-04-30T22:23:59Z
BBU-WAW,BBU,WAW,2026-06-16,0.0,RON,noData,,False,2026-04-30T22:23:59Z
BBU-WAW,BBU,WAW,2026-06-17,129.0,RON,price,R,False,2026-04-30T22:23:59Z
BBU-WAW,BBU,WAW,2026-06-18,99.0,RON,price,S,False,2026-04-30T22:23:59Z
BBU-WAW,BBU,WAW,2026-06-19,99.0,RON,price,S,False,2026-04-30T22:23:59Z
BBU-WAW,BBU,WAW,2026-06-20,0.0,RON,noData,,False,2026-04-30T22:23:59Z
BBU-WAW,BBU,WAW,2026-06-21,189.0,RON,price,OP,False,2026-04-30T22:23:59Z
BBU-WAW,BBU,WAW,2026-06-22,99.0,RON,price,S,False,2026-04-30T22:23:59Z
BBU-WAW,BBU,WAW,2026-06-23,0.0,RON,noData,,False,2026-04-30T22:23:59Z
BBU-WAW,BBU,WAW,2026-06-24,99.0,RON,price,S,False,2026-04-30T22:23:59Z
BBU-WAW,BBU,WAW,2026-06-25,99.0,RON,price,S,False,2026-04-30T22:23:59Z
BBU-WAW,BBU,WAW,2026-06-26,119.0,RON,price,RS,False,2026-04-30T22:23:59Z
BBU-WAW,BBU,WAW,2026-06-27,0.0,RON,noData,,False,2026-04-30T22:23:59Z
BBU-WAW,BBU,WAW,2026-06-28,99.0,RON,price,S,False,2026-04-30T22:23:59Z
BBU-WAW,BBU,WAW,2026-06-29,99.0,RON,price,S,False,2026-04-30T22:23:59Z
BBU-WAW,BBU,WAW,2026-06-30,0.0,RON,noData,,False,2026-04-30T22:23:59Z
BBU-WAW,BBU,WAW,2026-07-01,99.0,RON,price,S,False,2026-04-30T22:23:59Z
BBU-WAW,BBU,WAW,2026-07-02,119.0,RON,price,RS,False,2026-04-30T22:23:59Z
BBU-WAW,BBU,WAW,2026-07-03,119.0,RON,price,RS,False,2026-04-30T22:23:59Z
BBU-WAW,BBU,WAW,2026-07-04,0.0,RON,noData,,False,2026-04-30T22:23:59Z
BBU-WAW,BBU,WAW,2026-07-05,209.0,RON,price,O,False,2026-04-30T22:23:59Z
BBU-WAW,BBU,WAW,2026-07-06,99.0,RON,price,S,False,2026-04-30T22:23:59Z
BBU-WAW,BBU,WAW,2026-07-07,0.0,RON,noData,,False,2026-04-30T22:23:59Z
BBU-WAW,BBU,WAW,2026-07-08,209.0,RON,price,O,False,2026-04-30T22:23:59Z
BBU-WAW,BBU,WAW,2026-07-09,99.0,RON,price,S,False,2026-04-30T22:23:59Z
BBU-WAW,BBU,WAW,2026-07-10,99.0,RON,price,S,False,2026-04-30T22:23:59Z
BBU-WAW,BBU,WAW,2026-07-11,0.0,RON,noData,,False,2026-04-30T22:23:59Z
BBU-WAW,BBU,WAW,2026-07-12,189.0,RON,price,OP,False,2026-04-30T22:23:59Z
BBU-WAW,BBU,WAW,2026-07-13,129.0,RON,price,R,False,2026-04-30T22:23:59Z
BBU-WAW,BBU,WAW,2026-07-14,0.0,RON,noData,,False,2026-04-30T22:23:59Z
BBU-WAW,BBU,WAW,2026-07-15,99.0,RON,price,S,False,2026-04-30T22:23:59Z
BBU-WAW,BBU,WAW,2026-07-16,369.0,RON,price,K,False,2026-04-30T22:23:59Z
BBU-WAW,BBU,WAW,2026-07-17,129.0,RON,price,R,False,2026-04-30T22:23:59Z
BBU-WAW,BBU,WAW,2026-07-18,0.0,RON,noData,,False,2026-04-30T22:23:59Z
BBU-WAW,BBU,WAW,2026-07-19,169.0,RON,price,P,False,2026-04-30T22:23:59Z
BBU-WAW,BBU,WAW,2026-07-20,299.0,RON,price,LB,False,2026-04-30T22:23:59Z
BBU-WAW,BBU,WAW,2026-07-21,0.0,RON,noData,,False,2026-04-30T22:23:59Z
BBU-WAW,BBU,WAW,2026-07-22,209.0,RON,price,O,False,2026-04-30T22:23:59Z
BBU-WAW,BBU,WAW,2026-07-23,99.0,RON,price,S,False,2026-04-30T22:23:59Z
BBU-WAW,BBU,WAW,2026-07-24,189.0,RON,price,OP,False,2026-04-30T22:23:59Z
BBU-WAW,BBU,WAW,2026-07-25,0.0,RON,noData,,False,2026-04-30T22:23:59Z
BBU-WAW,BBU,WAW,2026-07-26,259.0,RON,price,B,False,2026-04-30T22:23:59Z
BBU-WAW,BBU,WAW,2026-07-27,99.0,RON,price,S,False,2026-04-30T22:23:59Z
BBU-WAW,BBU,WAW,2026-07-28,0.0,RON,noData,,False,2026-04-30T22:23:59Z
BBU-WAW,BBU,WAW,2026-07-29,169.0,RON,price,P,False,2026-04-30T22:23:59Z
BBU-WAW,BBU,WAW,2026-07-30,99.0,RON,price,S,False,2026-04-30T22:23:59Z
BBU-WAW,BBU,WAW,2026-07-31,609.0,RON,price,I,False,2026-04-30T22:23:59Z
BBU-WAW,BBU,WAW,2026-08-01,0.0,RON,noData,,False,2026-04-30T22:23:59Z
BBU-WAW,BBU,WAW,2026-08-02,789.0,RON,price,GH,False,2026-04-30T22:23:59Z
BBU-WAW,BBU,WAW,2026-08-03,789.0,RON,price,GH,False,2026-04-30T22:23:59Z
BBU-WAW,BBU,WAW,2026-08-04,0.0,RON,noData,,False,2026-04-30T22:23:59Z
BBU-WAW,BBU,WAW,2026-08-05,239.0,RON,price,BO,False,2026-04-30T22:23:59Z
BBU-WAW,BBU,WAW,2026-08-06,259.0,RON,price,B,False,2026-04-30T22:23:59Z
BBU-WAW,BBU,WAW,2026-08-07,259.0,RON,price,B,False,2026-04-30T22:23:59Z
BBU-WAW,BBU,WAW,2026-08-08,0.0,RON,noData,,False,2026-04-30T22:23:59Z
BBU-WAW,BBU,WAW,2026-08-09,299.0,RON,price,LB,False,2026-04-30T22:23:59Z
BBU-WAW,BBU,WAW,2026-08-10,239.0,RON,price,BO,False,2026-04-30T22:23:59Z
BBU-WAW,BBU,WAW,2026-08-11,0.0,RON,noData,,False,2026-04-30T22:23:59Z
BBU-WAW,BBU,WAW,2026-08-12,129.0,RON,price,R,False,2026-04-30T22:23:59Z
BBU-WAW,BBU,WAW,2026-08-13,259.0,RON,price,B,False,2026-04-30T22:23:59Z
BBU-WAW,BBU,WAW,2026-08-14,319.0,RON,price,L,False,2026-04-30T22:23:59Z
BBU-WAW,BBU,WAW,2026-08-15,0.0,RON,noData,,False,2026-04-30T22:23:59Z
BBU-WAW,BBU,WAW,2026-08-16,369.0,RON,price,K,False,2026-04-30T22:23:59Z
BBU-WAW,BBU,WAW,2026-08-17,189.0,RON,price,OP,False,2026-04-30T22:23:59Z
BBU-WAW,BBU,WAW,2026-08-18,0.0,RON,noData,,False,2026-04-30T22:23:59Z
BBU-WAW,BBU,WAW,2026-08-19,369.0,RON,price,K,False,2026-04-30T22:23:59Z
BBU-WAW,BBU,WAW,2026-08-20,189.0,RON,price,OP,False,2026-04-30T22:23:59Z
BBU-WAW,BBU,WAW,2026-08-21,349.0,RON,price,KL,False,2026-04-30T22:23:59Z
BBU-WAW,BBU,WAW,2026-08-22,0.0,RON,noData,,False,2026-04-30T22:23:59Z
BBU-WAW,BBU,WAW,2026-08-23,319.0,RON,price,L,False,2026-04-30T22:23:59Z
BBU-WAW,BBU,WAW,2026-08-24,349.0,RON,price,KL,False,2026-04-30T22:23:59Z
BBU-WAW,BBU,WAW,2026-08-25,0.0,RON,noData,,False,2026-04-30T22:23:59Z
BBU-WAW,BBU,WAW,2026-08-26,319.0,RON,price,L,False,2026-04-30T22:23:59Z
BBU-WAW,BBU,WAW,2026-08-27,479.0,RON,price,J,False,2026-04-30T22:23:59Z
BBU-WAW,BBU,WAW,2026-08-28,719.0,RON,price,H,False,2026-04-30T22:23:59Z
BBU-WAW,BBU,WAW,2026-08-29,0.0,RON,noData,,False,2026-04-30T22:23:59Z
BBU-WAW,BBU,WAW,2026-08-30,949.0,RON,price,GF,False,2026-04-30T22:23:59Z
BBU-WAW,BBU,WAW,2026-08-31,349.0,RON,price,KL,False,2026-04-30T22:23:59Z
WAW-BCN,WAW,BCN,2026-05-01,959.0,PLN,price,GF,False,2026-04-30T22:23:59Z
WAW-BCN,WAW,BCN,2026-05-02,509.0,PLN,price,J,False,2026-04-30T22:23:59Z
WAW-BCN,WAW,BCN,2026-05-03,399.0,PLN,price,K,False,2026-04-30T22:23:59Z
WAW-BCN,WAW,BCN,2026-05-04,449.0,PLN,price,JK,False,2026-04-30T22:23:59Z
WAW-BCN,WAW,BCN,2026-05-05,359.0,PLN,price,KL,False,2026-04-30T22:23:59Z
WAW-BCN,WAW,BCN,2026-05-06,289.0,PLN,price,LB,False,2026-04-30T22:23:59Z
WAW-BCN,WAW,BCN,2026-05-07,289.0,PLN,price,LB,False,2026-04-30T22:23:59Z
WAW-BCN,WAW,BCN,2026-05-08,399.0,PLN,price,K,False,2026-04-30T22:23:59Z
WAW-BCN,WAW,BCN,2026-05-09,1789.0,PLN,price,C,False,2026-04-30T22:23:59Z
WAW-BCN,WAW,BCN,2026-05-10,1049.0,PLN,price,F,False,2026-04-30T22:23:59Z
WAW-BCN,WAW,BCN,2026-05-11,289.0,PLN,price,LB,False,2026-04-30T22:23:59Z
WAW-BCN,WAW,BCN,2026-05-12,219.0,PLN,price,O,False,2026-04-30T22:23:59Z
WAW-BCN,WAW,BCN,2026-05-13,269.0,PLN,price,B,False,2026-04-30T22:23:59Z
WAW-BCN,WAW,BCN,2026-05-14,269.0,PLN,price,B,False,2026-04-30T22:23:59Z
WAW-BCN,WAW,BCN,2026-05-15,359.0,PLN,price,KL,False,2026-04-30T22:23:59Z
WAW-BCN,WAW,BCN,2026-05-16,449.0,PLN,price,JK,False,2026-04-30T22:23:59Z
WAW-BCN,WAW,BCN,2026-05-17,399.0,PLN,price,K,False,2026-04-30T22:23:59Z
WAW-BCN,WAW,BCN,2026-05-18,209.0,PLN,price,OP,False,2026-04-30T22:23:59Z
WAW-BCN,WAW,BCN,2026-05-19,209.0,PLN,price,OP,False,2026-04-30T22:23:59Z
WAW-BCN,WAW,BCN,2026-05-20,269.0,PLN,price,B,False,2026-04-30T22:23:59Z
WAW-BCN,WAW,BCN,2026-05-21,249.0,PLN,price,BO,False,2026-04-30T22:23:59Z
WAW-BCN,WAW,BCN,2026-05-22,249.0,PLN,price,BO,False,2026-04-30T22:23:59Z
WAW-BCN,WAW,BCN,2026-05-23,209.0,PLN,price,OP,False,2026-04-30T22:23:59Z
WAW-BCN,WAW,BCN,2026-05-24,309.0,PLN,price,L,False,2026-04-30T22:23:59Z
WAW-BCN,WAW,BCN,2026-05-25,219.0,PLN,price,O,False,2026-04-30T22:23:59Z
WAW-BCN,WAW,BCN,2026-05-26,179.0,PLN,price,P,False,2026-04-30T22:23:59Z
WAW-BCN,WAW,BCN,2026-05-27,269.0,PLN,price,B,False,2026-04-30T22:23:59Z
WAW-BCN,WAW,BCN,2026-05-28,309.0,PLN,price,L,False,2026-04-30T22:23:59Z
WAW-BCN,WAW,BCN,2026-05-29,359.0,PLN,price,KL,False,2026-04-30T22:23:59Z
WAW-BCN,WAW,BCN,2026-05-30,289.0,PLN,price,LB,False,2026-04-30T22:23:59Z
WAW-BCN,WAW,BCN,2026-05-31,359.0,PLN,price,KL,False,2026-04-30T22:23:59Z
WAW-BCN,WAW,BCN,2026-06-01,179.0,PLN,price,P,False,2026-04-30T22:23:59Z
WAW-BCN,WAW,BCN,2026-06-02,269.0,PLN,price,B,False,2026-04-30T22:23:59Z
WAW-BCN,WAW,BCN,2026-06-03,309.0,PLN,price,L,False,2026-04-30T22:23:59Z
WAW-BCN,WAW,BCN,2026-06-04,359.0,PLN,price,KL,False,2026-04-30T22:23:59Z
WAW-BCN,WAW,BCN,2026-06-05,209.0,PLN,price,OP,False,2026-04-30T22:23:59Z
WAW-BCN,WAW,BCN,2026-06-06,179.0,PLN,price,P,False,2026-04-30T22:23:59Z
WAW-BCN,WAW,BCN,2026-06-07,179.0,PLN,price,P,False,2026-04-30T22:23:59Z
WAW-BCN,WAW,BCN,2026-06-08,179.0,PLN,price,P,False,2026-04-30T22:23:59Z
WAW-BCN,WAW,BCN,2026-06-09,179.0,PLN,price,P,False,2026-04-30T22:23:59Z
WAW-BCN,WAW,BCN,2026-06-10,179.0,PLN,price,P,False,2026-04-30T22:23:59Z
WAW-BCN,WAW,BCN,2026-06-11,249.0,PLN,price,BO,False,2026-04-30T22:23:59Z
WAW-BCN,WAW,BCN,2026-06-12,249.0,PLN,price,BO,False,2026-04-30T22:23:59Z
WAW-BCN,WAW,BCN,2026-06-13,249.0,PLN,price,BO,False,2026-04-30T22:23:59Z
WAW-BCN,WAW,BCN,2026-06-14,209.0,PLN,price,OP,False,2026-04-30T22:23:59Z
WAW-BCN,WAW,BCN,2026-06-15,179.0,PLN,price,P,False,2026-04-30T22:23:59Z
WAW-BCN,WAW,BCN,2026-06-16,179.0,PLN,price,P,False,2026-04-30T22:23:59Z
WAW-BCN,WAW,BCN,2026-06-17,209.0,PLN,price,OP,False,2026-04-30T22:23:59Z
WAW-BCN,WAW,BCN,2026-06-18,209.0,PLN,price,OP,False,2026-04-30T22:23:59Z
WAW-BCN,WAW,BCN,2026-06-19,249.0,PLN,price,BO,False,2026-04-30T22:23:59Z
WAW-BCN,WAW,BCN,2026-06-20,249.0,PLN,price,BO,False,2026-04-30T22:23:59Z
WAW-BCN,WAW,BCN,2026-06-21,209.0,PLN,price,OP,False,2026-04-30T22:23:59Z
WAW-BCN,WAW,BCN,2026-06-22,179.0,PLN,price,P,False,2026-04-30T22:23:59Z
WAW-BCN,WAW,BCN,2026-06-23,209.0,PLN,price,OP,False,2026-04-30T22:23:59Z
WAW-BCN,WAW,BCN,2026-06-24,179.0,PLN,price,P,False,2026-04-30T22:23:59Z
WAW-BCN,WAW,BCN,2026-06-25,209.0,PLN,price,OP,False,2026-04-30T22:23:59Z
WAW-BCN,WAW,BCN,2026-06-26,179.0,PLN,price,P,False,2026-04-30T22:23:59Z
WAW-BCN,WAW,BCN,2026-06-27,399.0,PLN,price,K,False,2026-04-30T22:23:59Z
WAW-BCN,WAW,BCN,2026-06-28,179.0,PLN,price,P,False,2026-04-30T22:23:59Z
WAW-BCN,WAW,BCN,2026-06-29,179.0,PLN,price,P,False,2026-04-30T22:23:59Z
WAW-BCN,WAW,BCN,2026-06-30,209.0,PLN,price,OP,False,2026-04-30T22:23:59Z
WAW-BCN,WAW,BCN,2026-07-01,219.0,PLN,price,O,False,2026-04-30T22:23:59Z
WAW-BCN,WAW,BCN,2026-07-02,219.0,PLN,price,O,False,2026-04-30T22:23:59Z
WAW-BCN,WAW,BCN,2026-07-03,179.0,PLN,price,P,False,2026-04-30T22:23:59Z
WAW-BCN,WAW,BCN,2026-07-04,179.0,PLN,price,P,False,2026-04-30T22:23:59Z
WAW-BCN,WAW,BCN,2026-07-05,179.0,PLN,price,P,False,2026-04-30T22:23:59Z
WAW-BCN,WAW,BCN,2026-07-06,179.0,PLN,price,P,False,2026-04-30T22:23:59Z
WAW-BCN,WAW,BCN,2026-07-07,179.0,PLN,price,P,False,2026-04-30T22:23:59Z
WAW-BCN,WAW,BCN,2026-07-08,179.0,PLN,price,P,False,2026-04-30T22:23:59Z
WAW-BCN,WAW,BCN,2026-07-09,179.0,PLN,price,P,False,2026-04-30T22:23:59Z
WAW-BCN,WAW,BCN,2026-07-10,179.0,PLN,price,P,False,2026-04-30T22:23:59Z
WAW-BCN,WAW,BCN,2026-07-11,179.0,PLN,price,P,False,2026-04-30T22:23:59Z
WAW-BCN,WAW,BCN,2026-07-12,179.0,PLN,price,P,False,2026-04-30T22:23:59Z
WAW-BCN,WAW,BCN,2026-07-13,179.0,PLN,price,P,False,2026-04-30T22:23:59Z
WAW-BCN,WAW,BCN,2026-07-14,209.0,PLN,price,OP,False,2026-04-30T22:23:59Z
WAW-BCN,WAW,BCN,2026-07-15,599.0,PLN,price,I,False,2026-04-30T22:23:59Z
WAW-BCN,WAW,BCN,2026-07-16,359.0,PLN,price,KL,False,2026-04-30T22:23:59Z
WAW-BCN,WAW,BCN,2026-07-17,179.0,PLN,price,P,False,2026-04-30T22:23:59Z
WAW-BCN,WAW,BCN,2026-07-18,249.0,PLN,price,BO,False,2026-04-30T22:23:59Z
WAW-BCN,WAW,BCN,2026-07-19,249.0,PLN,price,BO,False,2026-04-30T22:23:59Z
WAW-BCN,WAW,BCN,2026-07-20,179.0,PLN,price,P,False,2026-04-30T22:23:59Z
WAW-BCN,WAW,BCN,2026-07-21,179.0,PLN,price,P,False,2026-04-30T22:23:59Z
WAW-BCN,WAW,BCN,2026-07-22,179.0,PLN,price,P,False,2026-04-30T22:23:59Z
WAW-BCN,WAW,BCN,2026-07-23,209.0,PLN,price,OP,False,2026-04-30T22:23:59Z
WAW-BCN,WAW,BCN,2026-07-24,179.0,PLN,price,P,False,2026-04-30T22:23:59Z
WAW-BCN,WAW,BCN,2026-07-25,179.0,PLN,price,P,False,2026-04-30T22:23:59Z
WAW-BCN,WAW,BCN,2026-07-26,179.0,PLN,price,P,False,2026-04-30T22:23:59Z
WAW-BCN,WAW,BCN,2026-07-27,179.0,PLN,price,P,False,2026-04-30T22:23:59Z
WAW-BCN,WAW,BCN,2026-07-28,209.0,PLN,price,OP,False,2026-04-30T22:23:59Z
WAW-BCN,WAW,BCN,2026-07-29,179.0,PLN,price,P,False,2026-04-30T22:23:59Z
WAW-BCN,WAW,BCN,2026-07-30,179.0,PLN,price,P,False,2026-04-30T22:23:59Z
WAW-BCN,WAW,BCN,2026-07-31,219.0,PLN,price,O,False,2026-04-30T22:23:59Z
WAW-BCN,WAW,BCN,2026-08-01,309.0,PLN,price,L,False,2026-04-30T22:23:59Z
WAW-BCN,WAW,BCN,2026-08-02,179.0,PLN,price,P,False,2026-04-30T22:23:59Z
WAW-BCN,WAW,BCN,2026-08-03,249.0,PLN,price,BO,False,2026-04-30T22:23:59Z
WAW-BCN,WAW,BCN,2026-08-04,289.0,PLN,price,LB,False,2026-04-30T22:23:59Z
WAW-BCN,WAW,BCN,2026-08-05,289.0,PLN,price,LB,False,2026-04-30T22:23:59Z
WAW-BCN,WAW,BCN,2026-08-06,309.0,PLN,price,L,False,2026-04-30T22:23:59Z
WAW-BCN,WAW,BCN,2026-08-07,359.0,PLN,price,KL,False,2026-04-30T22:23:59Z
WAW-BCN,WAW,BCN,2026-08-08,559.0,PLN,price,IJ,False,2026-04-30T22:23:59Z
WAW-BCN,WAW,BCN,2026-08-09,449.0,PLN,price,JK,False,2026-04-30T22:23:59Z
WAW-BCN,WAW,BCN,2026-08-10,449.0,PLN,price,JK,False,2026-04-30T22:23:59Z
WAW-BCN,WAW,BCN,2026-08-11,309.0,PLN,price,L,False,2026-04-30T22:23:59Z
WAW-BCN,WAW,BCN,2026-08-12,249.0,PLN,price,BO,False,2026-04-30T22:23:59Z
WAW-BCN,WAW,BCN,2026-08-13,269.0,PLN,price,B,False,2026-04-30T22:23:59Z
WAW-BCN,WAW,BCN,2026-08-14,269.0,PLN,price,B,False,2026-04-30T22:23:59Z
WAW-BCN,WAW,BCN,2026-08-15,449.0,PLN,price,JK,False,2026-04-30T22:23:59Z
WAW-BCN,WAW,BCN,2026-08-16,289.0,PLN,price,LB,False,2026-04-30T22:23:59Z
WAW-BCN,WAW,BCN,2026-08-17,359.0,PLN,price,KL,False,2026-04-30T22:23:59Z
WAW-BCN,WAW,BCN,2026-08-18,289.0,PLN,price,LB,False,2026-04-30T22:23:59Z
WAW-BCN,WAW,BCN,2026-08-19,309.0,PLN,price,L,False,2026-04-30T22:23:59Z
WAW-BCN,WAW,BCN,2026-08-20,359.0,PLN,price,KL,False,2026-04-30T22:23:59Z
WAW-BCN,WAW,BCN,2026-08-21,309.0,PLN,price,L,False,2026-04-30T22:23:59Z
WAW-BCN,WAW,BCN,2026-08-22,559.0,PLN,price,IJ,False,2026-04-30T22:23:59Z
WAW-BCN,WAW,BCN,2026-08-23,399.0,PLN,price,K,False,2026-04-30T22:23:59Z
WAW-BCN,WAW,BCN,2026-08-24,399.0,PLN,price,K,False,2026-04-30T22:23:59Z
WAW-BCN,WAW,BCN,2026-08-25,289.0,PLN,price,LB,False,2026-04-30T22:23:59Z
WAW-BCN,WAW,BCN,2026-08-26,309.0,PLN,price,L,False,2026-04-30T22:23:59Z
WAW-BCN,WAW,BCN,2026-08-27,309.0,PLN,price,L,False,2026-04-30T22:23:59Z
WAW-BCN,WAW,BCN,2026-08-28,289.0,PLN,price,LB,False,2026-04-30T22:23:59Z
WAW-BCN,WAW,BCN,2026-08-29,399.0,PLN,price,K,False,2026-04-30T22:23:59Z
WAW-BCN,WAW,BCN,2026-08-30,289.0,PLN,price,LB,False,2026-04-30T22:23:59Z
WAW-BCN,WAW,BCN,2026-08-31,309.0,PLN,price,L,False,2026-04-30T22:23:59Z
BCN-WAW,BCN,WAW,2026-05-01,114.99,EUR,price,J,False,2026-04-30T22:23:59Z
BCN-WAW,BCN,WAW,2026-05-02,79.99,EUR,price,KL,False,2026-04-30T22:23:59Z
BCN-WAW,BCN,WAW,2026-05-03,254.99,EUR,price,FE,False,2026-04-30T22:23:59Z
BCN-WAW,BCN,WAW,2026-05-04,124.99,EUR,price,IJ,False,2026-04-30T22:23:59Z
BCN-WAW,BCN,WAW,2026-05-05,159.99,EUR,price,H,False,2026-04-30T22:23:59Z
BCN-WAW,BCN,WAW,2026-05-06,89.99,EUR,price,K,False,2026-04-30T22:23:59Z
BCN-WAW,BCN,WAW,2026-05-07,99.99,EUR,price,JK,False,2026-04-30T22:23:59Z
BCN-WAW,BCN,WAW,2026-05-08,99.99,EUR,price,JK,False,2026-04-30T22:23:59Z
BCN-WAW,BCN,WAW,2026-05-09,189.99,EUR,price,G,False,2026-04-30T22:23:59Z
BCN-WAW,BCN,WAW,2026-05-10,309.99,EUR,price,ED,False,2026-04-30T22:23:59Z
BCN-WAW,BCN,WAW,2026-05-11,254.99,EUR,price,FE,False,2026-04-30T22:23:59Z
BCN-WAW,BCN,WAW,2026-05-12,124.99,EUR,price,IJ,False,2026-04-30T22:23:59Z
BCN-WAW,BCN,WAW,2026-05-13,69.99,EUR,price,L,False,2026-04-30T22:23:59Z
BCN-WAW,BCN,WAW,2026-05-14,79.99,EUR,price,KL,False,2026-04-30T22:23:59Z
BCN-WAW,BCN,WAW,2026-05-15,55.99,EUR,price,BO,False,2026-04-30T22:23:59Z
BCN-WAW,BCN,WAW,2026-05-16,89.99,EUR,price,K,False,2026-04-30T22:23:59Z
BCN-WAW,BCN,WAW,2026-05-17,99.99,EUR,price,JK,False,2026-04-30T22:23:59Z
BCN-WAW,BCN,WAW,2026-05-18,254.99,EUR,price,FE,False,2026-04-30T22:23:59Z
BCN-WAW,BCN,WAW,2026-05-19,89.99,EUR,price,K,False,2026-04-30T22:23:59Z
BCN-WAW,BCN,WAW,2026-05-20,65.99,EUR,price,LB,False,2026-04-30T22:23:59Z
BCN-WAW,BCN,WAW,2026-05-21,55.99,EUR,price,BO,False,2026-04-30T22:23:59Z
BCN-WAW,BCN,WAW,2026-05-22,59.99,EUR,price,B,False,2026-04-30T22:23:59Z
BCN-WAW,BCN,WAW,2026-05-23,134.99,EUR,price,I,False,2026-04-30T22:23:59Z
BCN-WAW,BCN,WAW,2026-05-24,55.99,EUR,price,BO,False,2026-04-30T22:23:59Z
BCN-WAW,BCN,WAW,2026-05-25,59.99,EUR,price,B,False,2026-04-30T22:23:59Z
BCN-WAW,BCN,WAW,2026-05-26,39.99,EUR,price,P,False,2026-04-30T22:23:59Z
BCN-WAW,BCN,WAW,2026-05-27,39.99,EUR,price,P,False,2026-04-30T22:23:59Z
BCN-WAW,BCN,WAW,2026-05-28,39.99,EUR,price,P,False,2026-04-30T22:23:59Z
BCN-WAW,BCN,WAW,2026-05-29,39.99,EUR,price,P,False,2026-04-30T22:23:59Z
BCN-WAW,BCN,WAW,2026-05-30,79.99,EUR,price,KL,False,2026-04-30T22:23:59Z
BCN-WAW,BCN,WAW,2026-05-31,179.99,EUR,price,GH,False,2026-04-30T22:23:59Z
BCN-WAW,BCN,WAW,2026-06-01,49.99,EUR,price,O,False,2026-04-30T22:23:59Z
BCN-WAW,BCN,WAW,2026-06-02,39.99,EUR,price,P,False,2026-04-30T22:23:59Z
BCN-WAW,BCN,WAW,2026-06-03,39.99,EUR,price,P,False,2026-04-30T22:23:59Z
BCN-WAW,BCN,WAW,2026-06-04,55.99,EUR,price,BO,False,2026-04-30T22:23:59Z
BCN-WAW,BCN,WAW,2026-06-05,45.99,EUR,price,OP,False,2026-04-30T22:23:59Z
BCN-WAW,BCN,WAW,2026-06-06,79.99,EUR,price,KL,False,2026-04-30T22:23:59Z
BCN-WAW,BCN,WAW,2026-06-07,159.99,EUR,price,H,False,2026-04-30T22:23:59Z
BCN-WAW,BCN,WAW,2026-06-08,79.99,EUR,price,KL,False,2026-04-30T22:23:59Z
BCN-WAW,BCN,WAW,2026-06-09,45.99,EUR,price,OP,False,2026-04-30T22:23:59Z
BCN-WAW,BCN,WAW,2026-06-10,39.99,EUR,price,P,False,2026-04-30T22:23:59Z
BCN-WAW,BCN,WAW,2026-06-11,39.99,EUR,price,P,False,2026-04-30T22:23:59Z
BCN-WAW,BCN,WAW,2026-06-12,45.99,EUR,price,OP,False,2026-04-30T22:23:59Z
BCN-WAW,BCN,WAW,2026-06-13,39.99,EUR,price,P,False,2026-04-30T22:23:59Z
BCN-WAW,BCN,WAW,2026-06-14,49.99,EUR,price,O,False,2026-04-30T22:23:59Z
BCN-WAW,BCN,WAW,2026-06-15,45.99,EUR,price,OP,False,2026-04-30T22:23:59Z
BCN-WAW,BCN,WAW,2026-06-16,49.99,EUR,price,O,False,2026-04-30T22:23:59Z
BCN-WAW,BCN,WAW,2026-06-17,39.99,EUR,price,P,False,2026-04-30T22:23:59Z
BCN-WAW,BCN,WAW,2026-06-18,39.99,EUR,price,P,False,2026-04-30T22:23:59Z
BCN-WAW,BCN,WAW,2026-06-19,39.99,EUR,price,P,False,2026-04-30T22:23:59Z
BCN-WAW,BCN,WAW,2026-06-20,49.99,EUR,price,O,False,2026-04-30T22:23:59Z
BCN-WAW,BCN,WAW,2026-06-21,49.99,EUR,price,O,False,2026-04-30T22:23:59Z
BCN-WAW,BCN,WAW,2026-06-22,55.99,EUR,price,BO,False,2026-04-30T22:23:59Z
BCN-WAW,BCN,WAW,2026-06-23,39.99,EUR,price,P,False,2026-04-30T22:23:59Z
BCN-WAW,BCN,WAW,2026-06-24,49.99,EUR,price,O,False,2026-04-30T22:23:59Z
BCN-WAW,BCN,WAW,2026-06-25,69.99,EUR,price,L,False,2026-04-30T22:23:59Z
BCN-WAW,BCN,WAW,2026-06-26,49.99,EUR,price,O,False,2026-04-30T22:23:59Z
BCN-WAW,BCN,WAW,2026-06-27,59.99,EUR,price,B,False,2026-04-30T22:23:59Z
BCN-WAW,BCN,WAW,2026-06-28,65.99,EUR,price,LB,False,2026-04-30T22:23:59Z
BCN-WAW,BCN,WAW,2026-06-29,79.99,EUR,price,KL,False,2026-04-30T22:23:59Z
BCN-WAW,BCN,WAW,2026-06-30,45.99,EUR,price,OP,False,2026-04-30T22:23:59Z
BCN-WAW,BCN,WAW,2026-07-01,49.99,EUR,price,O,False,2026-04-30T22:23:59Z
BCN-WAW,BCN,WAW,2026-07-02,59.99,EUR,price,B,False,2026-04-30T22:23:59Z
BCN-WAW,BCN,WAW,2026-07-03,65.99,EUR,price,LB,False,2026-04-30T22:23:59Z
BCN-WAW,BCN,WAW,2026-07-04,59.99,EUR,price,B,False,2026-04-30T22:23:59Z
BCN-WAW,BCN,WAW,2026-07-05,59.99,EUR,price,B,False,2026-04-30T22:23:59Z
BCN-WAW,BCN,WAW,2026-07-06,55.99,EUR,price,BO,False,2026-04-30T22:23:59Z
BCN-WAW,BCN,WAW,2026-07-07,49.99,EUR,price,O,False,2026-04-30T22:23:59Z
BCN-WAW,BCN,WAW,2026-07-08,55.99,EUR,price,BO,False,2026-04-30T22:23:59Z
BCN-WAW,BCN,WAW,2026-07-09,59.99,EUR,price,B,False,2026-04-30T22:23:59Z
BCN-WAW,BCN,WAW,2026-07-10,89.99,EUR,price,K,False,2026-04-30T22:23:59Z
BCN-WAW,BCN,WAW,2026-07-11,69.99,EUR,price,L,False,2026-04-30T22:23:59Z
BCN-WAW,BCN,WAW,2026-07-12,69.99,EUR,price,L,False,2026-04-30T22:23:59Z
BCN-WAW,BCN,WAW,2026-07-13,114.99,EUR,price,J,False,2026-04-30T22:23:59Z
BCN-WAW,BCN,WAW,2026-07-14,55.99,EUR,price,BO,False,2026-04-30T22:23:59Z
BCN-WAW,BCN,WAW,2026-07-15,55.99,EUR,price,BO,False,2026-04-30T22:23:59Z
BCN-WAW,BCN,WAW,2026-07-16,99.99,EUR,price,JK,False,2026-04-30T22:23:59Z
BCN-WAW,BCN,WAW,2026-07-17,124.99,EUR,price,IJ,False,2026-04-30T22:23:59Z
BCN-WAW,BCN,WAW,2026-07-18,79.99,EUR,price,KL,False,2026-04-30T22:23:59Z
BCN-WAW,BCN,WAW,2026-07-19,69.99,EUR,price,L,False,2026-04-30T22:23:59Z
BCN-WAW,BCN,WAW,2026-07-20,59.99,EUR,price,B,False,2026-04-30T22:23:59Z
BCN-WAW,BCN,WAW,2026-07-21,39.99,EUR,price,P,False,2026-04-30T22:23:59Z
BCN-WAW,BCN,WAW,2026-07-22,59.99,EUR,price,B,False,2026-04-30T22:23:59Z
BCN-WAW,BCN,WAW,2026-07-23,59.99,EUR,price,B,False,2026-04-30T22:23:59Z
BCN-WAW,BCN,WAW,2026-07-24,69.99,EUR,price,L,False,2026-04-30T22:23:59Z
BCN-WAW,BCN,WAW,2026-07-25,39.99,EUR,price,P,False,2026-04-30T22:23:59Z
BCN-WAW,BCN,WAW,2026-07-26,65.99,EUR,price,LB,False,2026-04-30T22:23:59Z
BCN-WAW,BCN,WAW,2026-07-27,59.99,EUR,price,B,False,2026-04-30T22:23:59Z
BCN-WAW,BCN,WAW,2026-07-28,39.99,EUR,price,P,False,2026-04-30T22:23:59Z
BCN-WAW,BCN,WAW,2026-07-29,39.99,EUR,price,P,False,2026-04-30T22:23:59Z
BCN-WAW,BCN,WAW,2026-07-30,65.99,EUR,price,LB,False,2026-04-30T22:23:59Z
BCN-WAW,BCN,WAW,2026-07-31,124.99,EUR,price,IJ,False,2026-04-30T22:23:59Z
BCN-WAW,BCN,WAW,2026-08-01,124.99,EUR,price,IJ,False,2026-04-30T22:23:59Z
BCN-WAW,BCN,WAW,2026-08-02,89.99,EUR,price,K,False,2026-04-30T22:23:59Z
BCN-WAW,BCN,WAW,2026-08-03,114.99,EUR,price,J,False,2026-04-30T22:23:59Z
BCN-WAW,BCN,WAW,2026-08-04,79.99,EUR,price,KL,False,2026-04-30T22:23:59Z
BCN-WAW,BCN,WAW,2026-08-05,89.99,EUR,price,K,False,2026-04-30T22:23:59Z
BCN-WAW,BCN,WAW,2026-08-06,79.99,EUR,price,KL,False,2026-04-30T22:23:59Z
BCN-WAW,BCN,WAW,2026-08-07,99.99,EUR,price,JK,False,2026-04-30T22:23:59Z
BCN-WAW,BCN,WAW,2026-08-08,114.99,EUR,price,J,False,2026-04-30T22:23:59Z
BCN-WAW,BCN,WAW,2026-08-09,124.99,EUR,price,IJ,False,2026-04-30T22:23:59Z
BCN-WAW,BCN,WAW,2026-08-10,114.99,EUR,price,J,False,2026-04-30T22:23:59Z
BCN-WAW,BCN,WAW,2026-08-11,79.99,EUR,price,KL,False,2026-04-30T22:23:59Z
BCN-WAW,BCN,WAW,2026-08-12,79.99,EUR,price,KL,False,2026-04-30T22:23:59Z
BCN-WAW,BCN,WAW,2026-08-13,114.99,EUR,price,J,False,2026-04-30T22:23:59Z
BCN-WAW,BCN,WAW,2026-08-14,149.99,EUR,price,HI,False,2026-04-30T22:23:59Z
BCN-WAW,BCN,WAW,2026-08-15,124.99,EUR,price,IJ,False,2026-04-30T22:23:59Z
BCN-WAW,BCN,WAW,2026-08-16,134.99,EUR,price,I,False,2026-04-30T22:23:59Z
BCN-WAW,BCN,WAW,2026-08-17,89.99,EUR,price,K,False,2026-04-30T22:23:59Z
BCN-WAW,BCN,WAW,2026-08-18,79.99,EUR,price,KL,False,2026-04-30T22:23:59Z
BCN-WAW,BCN,WAW,2026-08-19,69.99,EUR,price,L,False,2026-04-30T22:23:59Z
BCN-WAW,BCN,WAW,2026-08-20,79.99,EUR,price,KL,False,2026-04-30T22:23:59Z
BCN-WAW,BCN,WAW,2026-08-21,69.99,EUR,price,L,False,2026-04-30T22:23:59Z
BCN-WAW,BCN,WAW,2026-08-22,79.99,EUR,price,KL,False,2026-04-30T22:23:59Z
BCN-WAW,BCN,WAW,2026-08-23,89.99,EUR,price,K,False,2026-04-30T22:23:59Z
BCN-WAW,BCN,WAW,2026-08-24,89.99,EUR,price,K,False,2026-04-30T22:23:59Z
BCN-WAW,BCN,WAW,2026-08-25,59.99,EUR,price,B,False,2026-04-30T22:23:59Z
BCN-WAW,BCN,WAW,2026-08-26,65.99,EUR,price,LB,False,2026-04-30T22:23:59Z
BCN-WAW,BCN,WAW,2026-08-27,79.99,EUR,price,KL,False,2026-04-30T22:23:59Z
BCN-WAW,BCN,WAW,2026-08-28,89.99,EUR,price,K,False,2026-04-30T22:23:59Z
BCN-WAW,BCN,WAW,2026-08-29,99.99,EUR,price,JK,False,2026-04-30T22:23:59Z
BCN-WAW,BCN,WAW,2026-08-30,114.99,EUR,price,J,False,2026-04-30T22:23:59Z
BCN-WAW,BCN,WAW,2026-08-31,114.99,EUR,price,J,False,2026-04-30T22:23:59Z
